state_fips,state_abbr,cand_code,cand_label,cand_type,primary_cluster,secondary_cluster,vote_total,vote_pct,quota_threshold,status,winnowing_point
1,AL,CON,CON,pure,0,,0.0,0.0,121.03,eliminated,AL
1,AL,CON/CTR,CON/CTR,cooc,0,6.0,12.8,1.7627,121.03,surviving,AL
1,AL,CON/NAT,CON/NAT,cooc,0,3.0,0.0,0.0,121.03,eliminated,AL
1,AL,CON/REF,CON/REF,cooc,0,5.0,20.96,2.8857,121.03,surviving,AL
1,AL,CON/STY,CON/STY,wildcard,0,2.0,23.52,3.2384,121.03,surviving,AL
1,AL,CTR,CTR,pure,6,,0.0,0.0,121.03,eliminated,AL
1,AL,DSA,DSA,pure,8,,0.0,0.0,121.03,eliminated,AL
1,AL,NAT,NAT,pure,3,,0.0,0.0,121.03,eliminated,AL
1,AL,REF,REF,pure,5,,0.0,0.0,121.03,eliminated,AL
1,AL,SD,SD,pure,1,,0.0,0.0,121.03,eliminated,AL
1,AL,SD/DSA,SD/DSA,cooc,1,8.0,0.0,0.0,121.03,eliminated,AL
1,AL,STY,STY,pure,2,,28.28,3.8943,121.03,surviving,AL
1,AL,STY/REF,STY/REF,cooc,2,5.0,0.0,0.0,121.03,eliminated,AL
1,AL,STY/SD,STY/SD,cooc,2,1.0,35.48,4.8855,121.03,surviving,AL
2,AK,CON,CON,pure,0,,0.0,0.0,21.77,eliminated,AK
2,AK,CON/NAT,CON/NAT,cooc,0,3.0,0.0,0.0,21.77,eliminated,AK
2,AK,CTR,CTR,pure,6,,10.51,8.0419,21.77,surviving,AK
2,AK,CTR/CON,CTR/CON,cooc,6,0.0,0.0,0.0,21.77,eliminated,AK
2,AK,CTR/REF,CTR/REF,cooc,6,5.0,3.25,2.4858,21.77,surviving,AK
2,AK,LIB,LIB,pure,4,,1.3,0.9959,21.77,surviving,AK
2,AK,NAT,NAT,pure,3,,0.0,0.0,21.77,eliminated,AK
2,AK,REF,REF,pure,5,,0.0,0.0,21.77,eliminated,AK
2,AK,SD,SD,pure,1,,1.19,0.9122,21.77,surviving,AK
2,AK,SD/LIB,SD/LIB,cooc,1,4.0,0.0,0.0,21.77,eliminated,AK
2,AK,SD/STY,SD/STY,cooc,1,2.0,0.0,0.0,21.77,eliminated,AK
2,AK,STY,STY,pure,2,,0.0,0.0,21.77,eliminated,AK
2,AK,STY/REF,STY/REF,cooc,2,5.0,5.53,4.2308,21.77,surviving,AK
4,AZ,CON,CON,pure,0,,0.0,0.0,193.35,eliminated,AZ
4,AZ,CON/CTR,CON/CTR,cooc,0,6.0,28.91,2.4918,193.35,surviving,AZ
4,AZ,CON/NAT,CON/NAT,cooc,0,3.0,0.0,0.0,193.35,eliminated,AZ
4,AZ,CON/REF,CON/REF,cooc,0,5.0,0.0,0.0,193.35,eliminated,AZ
4,AZ,CTR,CTR,pure,6,,45.0,3.8788,193.35,surviving,AZ
4,AZ,DSA,DSA,pure,8,,0.0,0.0,193.35,eliminated,AZ
4,AZ,LIB,LIB,pure,4,,0.0,0.0,193.35,eliminated,AZ
4,AZ,NAT,NAT,pure,3,,0.0,0.0,193.35,eliminated,AZ
4,AZ,NAT/REF,NAT/REF,cooc,3,5.0,0.0,0.0,193.35,eliminated,AZ
4,AZ,PRG,PRG,pure,9,,0.0,0.0,193.35,eliminated,AZ
4,AZ,REF,REF,pure,5,,0.0,0.0,193.35,eliminated,AZ
4,AZ,REF/STY,REF/STY,cooc,5,2.0,45.84,3.9511,193.35,surviving,AZ
4,AZ,SD,SD,pure,1,,0.0,0.0,193.35,eliminated,AZ
4,AZ,STY,STY,pure,2,,15.95,1.3746,193.35,surviving,AZ
4,AZ,STY/SD,STY/SD,cooc,2,1.0,57.66,4.9703,193.35,surviving,AZ
5,AR,CON,CON,pure,0,,32.29,7.8327,68.7,surviving,AR
5,AR,CON/CTR,CON/CTR,cooc,0,6.0,0.0,0.0,68.7,eliminated,AR
5,AR,CON/NAT,CON/NAT,cooc,0,3.0,11.66,2.8283,68.7,surviving,AR
5,AR,CON/SD,CON/SD,wildcard,0,1.0,0.0,0.0,68.7,eliminated,AR
5,AR,CON/STY,CON/STY,cooc,0,2.0,14.41,3.4972,68.7,surviving,AR
5,AR,CTR,CTR,pure,6,,6.85,1.661,68.7,surviving,AR
5,AR,DSA,DSA,pure,8,,0.0,0.0,68.7,eliminated,AR
5,AR,LIB,LIB,pure,4,,0.0,0.0,68.7,eliminated,AR
5,AR,NAT,NAT,pure,3,,0.0,0.0,68.7,eliminated,AR
5,AR,REF,REF,pure,5,,0.0,0.0,68.7,eliminated,AR
5,AR,REF/STY,REF/STY,cooc,5,2.0,0.0,0.0,68.7,eliminated,AR
5,AR,SD,SD,pure,1,,0.0,0.0,68.7,eliminated,AR
5,AR,SD/LIB,SD/LIB,cooc,1,4.0,3.49,0.8475,68.7,surviving,AR
5,AR,SD/STY,SD/STY,cooc,1,2.0,0.0,0.0,68.7,eliminated,AR
5,AR,STY,STY,pure,2,,0.0,0.0,68.7,eliminated,AR
6,CA,CON,CON,pure,0,,0.0,0.0,661.03,eliminated,CA
6,CA,CON/CTR,CON/CTR,cooc,0,6.0,0.0,0.0,661.03,eliminated,CA
6,CA,CON/REF,CON/REF,cooc,0,5.0,107.74,2.7164,661.03,surviving,CA
6,CA,CTR,CTR,pure,6,,0.0,0.0,661.03,eliminated,CA
6,CA,LIB,LIB,pure,4,,0.0,0.0,661.03,eliminated,CA
6,CA,NAT,NAT,pure,3,,0.0,0.0,661.03,eliminated,CA
6,CA,PRG,PRG,pure,9,,0.0,0.0,661.03,eliminated,CA
6,CA,REF,REF,pure,5,,0.0,0.0,661.03,eliminated,CA
6,CA,REF/NAT,REF/NAT,cooc,5,3.0,0.0,0.0,661.03,eliminated,CA
6,CA,SD,SD,pure,1,,0.0,0.0,661.03,eliminated,CA
6,CA,SD/LIB,SD/LIB,cooc,1,4.0,158.67,4.0005,661.03,surviving,CA
6,CA,SD/STY,SD/STY,cooc,1,2.0,137.08,3.4563,661.03,surviving,CA
6,CA,STY,STY,pure,2,,165.1,4.1627,661.03,surviving,CA
6,CA,STY/REF,STY/REF,cooc,2,5.0,92.44,2.3307,661.03,surviving,CA
8,CO,CON,CON,pure,0,,0.0,0.0,137.88,eliminated,CO
8,CO,CON/CTR,CON/CTR,cooc,0,6.0,20.4,2.4663,137.88,surviving,CO
8,CO,CON/REF,CON/REF,cooc,0,5.0,0.0,0.0,137.88,eliminated,CO
8,CO,CON/SD,CON/SD,wildcard,0,1.0,35.38,4.2767,137.88,surviving,CO
8,CO,DSA,DSA,pure,8,,0.0,0.0,137.88,eliminated,CO
8,CO,LIB,LIB,pure,4,,0.0,0.0,137.88,eliminated,CO
8,CO,LIB/PRG,LIB/PRG,cooc,4,9.0,0.0,0.0,137.88,eliminated,CO
8,CO,NAT,NAT,pure,3,,0.0,0.0,137.88,eliminated,CO
8,CO,PRG,PRG,pure,9,,0.0,0.0,137.88,eliminated,CO
8,CO,REF,REF,pure,5,,34.81,4.2077,137.88,surviving,CO
8,CO,REF/STY,REF/STY,cooc,5,2.0,0.0,0.0,137.88,eliminated,CO
8,CO,SD,SD,pure,1,,36.4,4.4002,137.88,surviving,CO
8,CO,SD/LIB,SD/LIB,cooc,1,4.0,10.88,1.3157,137.88,surviving,CO
8,CO,SD/STY,SD/STY,cooc,1,2.0,0.0,0.0,137.88,eliminated,CO
8,CO,STY,STY,pure,2,,0.0,0.0,137.88,eliminated,CO
9,CT,CON,CON,pure,0,,0.0,0.0,80.69,eliminated,CT
9,CT,CON/REF,CON/REF,cooc,0,5.0,0.0,0.0,80.69,eliminated,CT
9,CT,CON/STY,CON/STY,cooc,0,2.0,16.2,3.3467,80.69,surviving,CT
9,CT,CTR,CTR,pure,6,,0.0,0.0,80.69,eliminated,CT
9,CT,LIB,LIB,pure,4,,0.0,0.0,80.69,eliminated,CT
9,CT,LIB/PRG,LIB/PRG,cooc,4,9.0,0.0,0.0,80.69,eliminated,CT
9,CT,NAT,NAT,pure,3,,0.0,0.0,80.69,eliminated,CT
9,CT,PRG,PRG,pure,9,,0.0,0.0,80.69,eliminated,CT
9,CT,REF,REF,pure,5,,0.0,0.0,80.69,eliminated,CT
9,CT,SD,SD,pure,1,,11.54,2.3826,80.69,surviving,CT
9,CT,SD/LIB,SD/LIB,cooc,1,4.0,16.4,3.3868,80.69,surviving,CT
9,CT,SD/STY,SD/STY,cooc,1,2.0,21.38,4.4163,80.69,surviving,CT
9,CT,STY,STY,pure,2,,0.0,0.0,80.69,eliminated,CT
9,CT,STY/REF,STY/REF,cooc,2,5.0,15.18,3.1343,80.69,surviving,CT
10,DE,CON,CON,pure,0,,3.59,1.6531,36.16,surviving,DE
10,DE,CON/NAT,CON/NAT,cooc,0,3.0,0.0,0.0,36.16,eliminated,DE
10,DE,CON/REF,CON/REF,cooc,0,5.0,16.75,7.7213,36.16,surviving,DE
10,DE,CTR,CTR,pure,6,,0.0,0.0,36.16,eliminated,DE
10,DE,CTR/LIB,CTR/LIB,cooc,6,4.0,0.0,0.0,36.16,eliminated,DE
10,DE,LIB,LIB,pure,4,,0.0,0.0,36.16,eliminated,DE
10,DE,NAT,NAT,pure,3,,0.0,0.0,36.16,eliminated,DE
10,DE,REF,REF,pure,5,,0.0,0.0,36.16,eliminated,DE
10,DE,SD,SD,pure,1,,2.35,1.0846,36.16,surviving,DE
10,DE,SD/CON,SD/CON,cooc,1,0.0,8.73,4.0261,36.16,surviving,DE
10,DE,SD/CTR,SD/CTR,cooc,1,6.0,4.73,2.1816,36.16,surviving,DE
10,DE,SD/STY,SD/STY,cooc,1,2.0,0.0,0.0,36.16,eliminated,DE
10,DE,STY,STY,pure,2,,0.0,0.0,36.16,eliminated,DE
11,DC,CON,CON,pure,0,,0.0,0.0,19.56,eliminated,DC
11,DC,CTR,CTR,pure,6,,0.0,0.0,19.56,eliminated,DC
11,DC,DSA,DSA,pure,8,,0.0,0.0,19.56,eliminated,DC
11,DC,DSA/PRG,DSA/PRG,cooc,8,9.0,0.0,0.0,19.56,eliminated,DC
11,DC,LIB,LIB,pure,4,,2.89,2.4627,19.56,surviving,DC
11,DC,LIB/PRG,LIB/PRG,cooc,4,9.0,0.0,0.0,19.56,eliminated,DC
11,DC,PRG,PRG,pure,9,,1.78,1.5163,19.56,surviving,DC
11,DC,REF,REF,pure,5,,0.0,0.0,19.56,eliminated,DC
11,DC,SD,SD,pure,1,,6.64,5.6604,19.56,surviving,DC
11,DC,SD/DSA,SD/DSA,cooc,1,8.0,0.0,0.0,19.56,eliminated,DC
11,DC,SD/LIB,SD/LIB,cooc,1,4.0,0.0,0.0,19.56,eliminated,DC
11,DC,SD/STY,SD/STY,cooc,1,2.0,5.18,4.412,19.56,surviving,DC
11,DC,STY,STY,pure,2,,0.0,0.0,19.56,eliminated,DC
11,DC,STY/REF,STY/REF,cooc,2,5.0,3.07,2.6153,19.56,surviving,DC
12,FL,CON,CON,pure,0,,0.0,0.0,530.69,eliminated,FL
12,FL,CON/CTR,CON/CTR,cooc,0,6.0,149.54,4.6963,530.69,surviving,FL
12,FL,CON/NAT,CON/NAT,cooc,0,3.0,0.0,0.0,530.69,eliminated,FL
12,FL,CON/REF,CON/REF,cooc,0,5.0,0.0,0.0,530.69,eliminated,FL
12,FL,CON/STY,CON/STY,wildcard,0,2.0,0.0,0.0,530.69,eliminated,FL
12,FL,CTR,CTR,pure,6,,101.47,3.1868,530.69,surviving,FL
12,FL,DSA,DSA,pure,8,,0.0,0.0,530.69,eliminated,FL
12,FL,LIB,LIB,pure,4,,0.0,0.0,530.69,eliminated,FL
12,FL,NAT,NAT,pure,3,,0.0,0.0,530.69,eliminated,FL
12,FL,REF,REF,pure,5,,0.0,0.0,530.69,eliminated,FL
12,FL,SD,SD,pure,1,,84.53,2.6546,530.69,surviving,FL
12,FL,SD/LIB,SD/LIB,cooc,1,4.0,0.0,0.0,530.69,eliminated,FL
12,FL,STY,STY,pure,2,,87.91,2.7609,530.69,surviving,FL
12,FL,STY/REF,STY/REF,cooc,2,5.0,107.24,3.368,530.69,surviving,FL
12,FL,STY/SD,STY/SD,cooc,2,1.0,0.0,0.0,530.69,eliminated,FL
13,GA,CON,CON,pure,0,,0.0,0.0,245.4,eliminated,GA
13,GA,CON/CTR,CON/CTR,cooc,0,6.0,0.0,0.0,245.4,eliminated,GA
13,GA,CON/NAT,CON/NAT,cooc,0,3.0,0.0,0.0,245.4,eliminated,GA
13,GA,CON/REF,CON/REF,cooc,0,5.0,0.0,0.0,245.4,eliminated,GA
13,GA,CON/SD,CON/SD,wildcard,0,1.0,53.73,3.6489,245.4,surviving,GA
13,GA,CON/STY,CON/STY,wildcard,0,2.0,41.2,2.7979,245.4,surviving,GA
13,GA,CTR,CTR,pure,6,,74.17,5.0377,245.4,surviving,GA
13,GA,LIB,LIB,pure,4,,0.0,0.0,245.4,eliminated,GA
13,GA,NAT,NAT,pure,3,,0.0,0.0,245.4,eliminated,GA
13,GA,REF,REF,pure,5,,0.0,0.0,245.4,eliminated,GA
13,GA,SD,SD,pure,1,,44.47,3.0204,245.4,surviving,GA
13,GA,SD/LIB,SD/LIB,cooc,1,4.0,0.0,0.0,245.4,eliminated,GA
13,GA,STY,STY,pure,2,,31.83,2.1618,245.4,surviving,GA
13,GA,STY/REF,STY/REF,cooc,2,5.0,0.0,0.0,245.4,eliminated,GA
13,GA,STY/SD,STY/SD,cooc,2,1.0,0.0,0.0,245.4,eliminated,GA
15,HI,CON,CON,pure,0,,0.0,0.0,33.86,eliminated,HI
15,HI,CON/CTR,CON/CTR,cooc,0,6.0,0.0,0.0,33.86,eliminated,HI
15,HI,CON/LIB,CON/LIB,wildcard,0,4.0,0.0,0.0,33.86,eliminated,HI
15,HI,CON/REF,CON/REF,cooc,0,5.0,0.0,0.0,33.86,eliminated,HI
15,HI,CTR,CTR,pure,6,,0.0,0.0,33.86,eliminated,HI
15,HI,LIB,LIB,pure,4,,0.0,0.0,33.86,eliminated,HI
15,HI,LIB/CTR,LIB/CTR,cooc,4,6.0,0.0,0.0,33.86,eliminated,HI
15,HI,REF,REF,pure,5,,0.0,0.0,33.86,eliminated,HI
15,HI,SD,SD,pure,1,,5.57,2.7417,33.86,surviving,HI
15,HI,SD/CON,SD/CON,wildcard,1,0.0,5.64,2.7754,33.86,surviving,HI
15,HI,SD/LIB,SD/LIB,cooc,1,4.0,7.5,3.69,33.86,surviving,HI
15,HI,SD/STY,SD/STY,cooc,1,2.0,8.07,3.9716,33.86,surviving,HI
15,HI,STY,STY,pure,2,,0.0,0.0,33.86,eliminated,HI
15,HI,STY/REF,STY/REF,cooc,2,5.0,7.09,3.488,33.86,surviving,HI
16,ID,CON,CON,pure,0,,0.0,0.0,54.22,eliminated,ID
16,ID,CON/CTR,CON/CTR,cooc,0,6.0,11.44,3.517,54.22,surviving,ID
16,ID,CON/NAT,CON/NAT,cooc,0,3.0,0.0,0.0,54.22,eliminated,ID
16,ID,CON/REF,CON/REF,cooc,0,5.0,8.58,2.6367,54.22,surviving,ID
16,ID,CTR,CTR,pure,6,,0.0,0.0,54.22,eliminated,ID
16,ID,DSA,DSA,pure,8,,0.0,0.0,54.22,eliminated,ID
16,ID,LIB,LIB,pure,4,,9.25,2.8444,54.22,surviving,ID
16,ID,NAT,NAT,pure,3,,0.0,0.0,54.22,eliminated,ID
16,ID,REF,REF,pure,5,,3.62,1.1128,54.22,surviving,ID
16,ID,REF/CTR,REF/CTR,cooc,5,6.0,0.0,0.0,54.22,eliminated,ID
16,ID,REF/STY,REF/STY,cooc,5,2.0,0.0,0.0,54.22,eliminated,ID
16,ID,SD,SD,pure,1,,0.0,0.0,54.22,eliminated,ID
16,ID,SD/STY,SD/STY,cooc,1,2.0,0.0,0.0,54.22,eliminated,ID
16,ID,STY,STY,pure,2,,21.33,6.5558,54.22,surviving,ID
17,IL,CON,CON,pure,0,,0.0,0.0,243.39,eliminated,IL
17,IL,CON/CTR,CON/CTR,cooc,0,6.0,0.0,0.0,243.39,eliminated,IL
17,IL,CON/REF,CON/REF,cooc,0,5.0,0.0,0.0,243.39,eliminated,IL
17,IL,CTR,CTR,pure,6,,0.0,0.0,243.39,eliminated,IL
17,IL,DSA,DSA,pure,8,,0.0,0.0,243.39,eliminated,IL
17,IL,LIB,LIB,pure,4,,0.0,0.0,243.39,eliminated,IL
17,IL,NAT,NAT,pure,3,,0.0,0.0,243.39,eliminated,IL
17,IL,PRG,PRG,pure,9,,0.0,0.0,243.39,eliminated,IL
17,IL,REF,REF,pure,5,,0.0,0.0,243.39,eliminated,IL
17,IL,SD,SD,pure,1,,60.87,4.1681,243.39,surviving,IL
17,IL,SD/CTR,SD/CTR,cooc,1,6.0,56.44,3.8649,243.39,surviving,IL
17,IL,SD/LIB,SD/LIB,cooc,1,4.0,0.0,0.0,243.39,eliminated,IL
17,IL,SD/STY,SD/STY,cooc,1,2.0,27.34,1.872,243.39,surviving,IL
17,IL,STY,STY,pure,2,,29.65,2.0305,243.39,surviving,IL
17,IL,STY/REF,STY/REF,cooc,2,5.0,69.09,4.7311,243.39,surviving,IL
18,IN,CON,CON,pure,0,,0.0,0.0,165.83,eliminated,IN
18,IN,CON/CTR,CON/CTR,cooc,0,6.0,0.0,0.0,165.83,eliminated,IN
18,IN,CON/NAT,CON/NAT,cooc,0,3.0,0.0,0.0,165.83,eliminated,IN
18,IN,CON/REF,CON/REF,cooc,0,5.0,37.74,3.793,165.83,surviving,IN
18,IN,CTR,CTR,pure,6,,0.0,0.0,165.83,eliminated,IN
18,IN,DSA,DSA,pure,8,,0.0,0.0,165.83,eliminated,IN
18,IN,LIB,LIB,pure,4,,0.0,0.0,165.83,eliminated,IN
18,IN,NAT,NAT,pure,3,,0.0,0.0,165.83,eliminated,IN
18,IN,REF,REF,pure,5,,40.02,4.0217,165.83,surviving,IN
18,IN,SD,SD,pure,1,,21.38,2.1488,165.83,surviving,IN
18,IN,SD/LIB,SD/LIB,cooc,1,4.0,30.4,3.055,165.83,surviving,IN
18,IN,SD/STY,SD/STY,cooc,1,2.0,36.3,3.6482,165.83,surviving,IN
18,IN,STY,STY,pure,2,,0.0,0.0,165.83,eliminated,IN
18,IN,STY/REF,STY/REF,cooc,2,5.0,0.0,0.0,165.83,eliminated,IN
19,IA,CON,CON,pure,0,,14.48,3.242,74.47,surviving,IA
19,IA,CON/CTR,CON/CTR,cooc,0,6.0,12.85,2.8772,74.47,surviving,IA
19,IA,CON/NAT,CON/NAT,cooc,0,3.0,0.0,0.0,74.47,eliminated,IA
19,IA,CON/REF,CON/REF,cooc,0,5.0,0.0,0.0,74.47,eliminated,IA
19,IA,CTR,CTR,pure,6,,0.0,0.0,74.47,eliminated,IA
19,IA,DSA,DSA,pure,8,,0.0,0.0,74.47,eliminated,IA
19,IA,LIB,LIB,pure,4,,0.0,0.0,74.47,eliminated,IA
19,IA,NAT,NAT,pure,3,,0.0,0.0,74.47,eliminated,IA
19,IA,REF,REF,pure,5,,0.0,0.0,74.47,eliminated,IA
19,IA,SD,SD,pure,1,,0.0,0.0,74.47,eliminated,IA
19,IA,SD/DSA,SD/DSA,cooc,1,8.0,0.0,0.0,74.47,eliminated,IA
19,IA,SD/STY,SD/STY,cooc,1,2.0,24.08,5.3899,74.47,surviving,IA
19,IA,STY,STY,pure,2,,9.04,2.0244,74.47,surviving,IA
19,IA,STY/REF,STY/REF,cooc,2,5.0,14.0,3.1333,74.47,surviving,IA
20,KS,CON,CON,pure,0,,0.0,0.0,62.12,eliminated,KS
20,KS,CON/CTR,CON/CTR,cooc,0,6.0,13.37,3.5878,62.12,surviving,KS
20,KS,CON/NAT,CON/NAT,cooc,0,3.0,0.0,0.0,62.12,eliminated,KS
20,KS,CON/REF,CON/REF,cooc,0,5.0,21.61,5.798,62.12,surviving,KS
20,KS,CTR,CTR,pure,6,,9.49,2.5453,62.12,surviving,KS
20,KS,DSA,DSA,pure,8,,0.0,0.0,62.12,eliminated,KS
20,KS,LIB,LIB,pure,4,,0.0,0.0,62.12,eliminated,KS
20,KS,LIB/SD,LIB/SD,cooc,4,1.0,9.37,2.5144,62.12,surviving,KS
20,KS,NAT,NAT,pure,3,,0.0,0.0,62.12,eliminated,KS
20,KS,REF,REF,pure,5,,0.0,0.0,62.12,eliminated,KS
20,KS,SD,SD,pure,1,,0.0,0.0,62.12,eliminated,KS
20,KS,STY,STY,pure,2,,8.28,2.2212,62.12,surviving,KS
20,KS,STY/REF,STY/REF,cooc,2,5.0,0.0,0.0,62.12,eliminated,KS
20,KS,STY/SD,STY/SD,cooc,2,1.0,0.0,0.0,62.12,eliminated,KS
21,KY,CON,CON,pure,0,,25.1,3.496,119.65,surviving,KY
21,KY,CON/CTR,CON/CTR,cooc,0,6.0,27.44,3.8219,119.65,surviving,KY
21,KY,CON/NAT,CON/NAT,cooc,0,3.0,0.0,0.0,119.65,eliminated,KY
21,KY,CON/REF,CON/REF,cooc,0,5.0,0.0,0.0,119.65,eliminated,KY
21,KY,CTR,CTR,pure,6,,0.0,0.0,119.65,eliminated,KY
21,KY,LIB,LIB,pure,4,,0.0,0.0,119.65,eliminated,KY
21,KY,NAT,NAT,pure,3,,0.0,0.0,119.65,eliminated,KY
21,KY,REF,REF,pure,5,,0.0,0.0,119.65,eliminated,KY
21,KY,SD,SD,pure,1,,19.27,2.6837,119.65,surviving,KY
21,KY,SD/LIB,SD/LIB,cooc,1,4.0,0.0,0.0,119.65,eliminated,KY
21,KY,STY,STY,pure,2,,0.0,0.0,119.65,eliminated,KY
21,KY,STY/REF,STY/REF,cooc,2,5.0,33.14,4.6163,119.65,surviving,KY
21,KY,STY/SD,STY/SD,cooc,2,1.0,14.71,2.0487,119.65,surviving,KY
22,LA,CON,CON,pure,0,,16.33,3.2121,84.73,surviving,LA
22,LA,CON/CTR,CON/CTR,cooc,0,6.0,19.83,3.8995,84.73,surviving,LA
22,LA,CON/NAT,CON/NAT,cooc,0,3.0,0.0,0.0,84.73,eliminated,LA
22,LA,CON/REF,CON/REF,cooc,0,5.0,0.0,0.0,84.73,eliminated,LA
22,LA,CON/STY,CON/STY,wildcard,0,2.0,20.23,3.979,84.73,surviving,LA
22,LA,CTR,CTR,pure,6,,0.0,0.0,84.73,eliminated,LA
22,LA,CTR/SD,CTR/SD,cooc,6,1.0,0.0,0.0,84.73,eliminated,LA
22,LA,NAT,NAT,pure,3,,0.0,0.0,84.73,eliminated,LA
22,LA,REF,REF,pure,5,,0.0,0.0,84.73,eliminated,LA
22,LA,SD,SD,pure,1,,0.0,0.0,84.73,eliminated,LA
22,LA,STY,STY,pure,2,,0.0,0.0,84.73,eliminated,LA
22,LA,STY/REF,STY/REF,cooc,2,5.0,12.69,2.4951,84.73,surviving,LA
22,LA,STY/SD,STY/SD,cooc,2,1.0,15.66,3.0809,84.73,surviving,LA
23,ME,CON,CON,pure,0,,0.0,0.0,40.53,eliminated,ME
23,ME,CON/CTR,CON/CTR,cooc,0,6.0,0.0,0.0,40.53,eliminated,ME
23,ME,CTR,CTR,pure,6,,0.0,0.0,40.53,eliminated,ME
23,ME,DSA,DSA,pure,8,,0.0,0.0,40.53,eliminated,ME
23,ME,LIB,LIB,pure,4,,10.16,4.1769,40.53,surviving,ME
23,ME,LIB/CTR,LIB/CTR,cooc,4,6.0,0.0,0.0,40.53,eliminated,ME
23,ME,NAT,NAT,pure,3,,0.0,0.0,40.53,eliminated,ME
23,ME,PRG,PRG,pure,9,,0.0,0.0,40.53,eliminated,ME
23,ME,REF,REF,pure,5,,0.0,0.0,40.53,eliminated,ME
23,ME,REF/CON,REF/CON,cooc,5,0.0,4.87,2.004,40.53,surviving,ME
23,ME,REF/STY,REF/STY,cooc,5,2.0,8.7,3.5797,40.53,surviving,ME
23,ME,SD,SD,pure,1,,6.14,2.5252,40.53,surviving,ME
23,ME,SD/DSA,SD/DSA,cooc,1,8.0,0.0,0.0,40.53,eliminated,ME
23,ME,SD/LIB,SD/LIB,cooc,1,4.0,10.65,4.3809,40.53,surviving,ME
23,ME,STY,STY,pure,2,,0.0,0.0,40.53,eliminated,ME
24,MD,CON,CON,pure,0,,0.0,0.0,130.36,eliminated,MD
24,MD,CON/CTR,CON/CTR,cooc,0,6.0,0.0,0.0,130.36,eliminated,MD
24,MD,CON/REF,CON/REF,cooc,0,5.0,0.0,0.0,130.36,eliminated,MD
24,MD,CTR,CTR,pure,6,,0.0,0.0,130.36,eliminated,MD
24,MD,LIB,LIB,pure,4,,0.0,0.0,130.36,eliminated,MD
24,MD,LIB/PRG,LIB/PRG,cooc,4,9.0,18.49,2.3637,130.36,surviving,MD
24,MD,NAT,NAT,pure,3,,0.0,0.0,130.36,eliminated,MD
24,MD,PRG,PRG,pure,9,,0.0,0.0,130.36,eliminated,MD
24,MD,REF,REF,pure,5,,0.0,0.0,130.36,eliminated,MD
24,MD,SD,SD,pure,1,,27.48,3.5129,130.36,surviving,MD
24,MD,SD/LIB,SD/LIB,cooc,1,4.0,13.01,1.6628,130.36,surviving,MD
24,MD,SD/STY,SD/STY,cooc,1,2.0,33.96,4.3421,130.36,surviving,MD
24,MD,STY,STY,pure,2,,37.43,4.7852,130.36,surviving,MD
24,MD,STY/REF,STY/REF,cooc,2,5.0,0.0,0.0,130.36,eliminated,MD
25,MA,CON,CON,pure,0,,0.0,0.0,131.83,eliminated,MA
25,MA,CON/NAT,CON/NAT,cooc,0,3.0,0.0,0.0,131.83,eliminated,MA
25,MA,CON/REF,CON/REF,cooc,0,5.0,0.0,0.0,131.83,eliminated,MA
25,MA,CTR,CTR,pure,6,,34.06,4.3064,131.83,surviving,MA
25,MA,DSA,DSA,pure,8,,23.07,2.9161,131.83,surviving,MA
25,MA,LIB,LIB,pure,4,,15.94,2.0154,131.83,surviving,MA
25,MA,LIB/PRG,LIB/PRG,cooc,4,9.0,0.0,0.0,131.83,eliminated,MA
25,MA,NAT,NAT,pure,3,,0.0,0.0,131.83,eliminated,MA
25,MA,PRG,PRG,pure,9,,0.0,0.0,131.83,eliminated,MA
25,MA,REF,REF,pure,5,,0.0,0.0,131.83,eliminated,MA
25,MA,SD,SD,pure,1,,18.42,2.3283,131.83,surviving,MA
25,MA,SD/CON,SD/CON,wildcard,1,0.0,0.0,0.0,131.83,eliminated,MA
25,MA,SD/DSA,SD/DSA,cooc,1,8.0,0.0,0.0,131.83,eliminated,MA
25,MA,SD/LIB,SD/LIB,cooc,1,4.0,40.34,5.1005,131.83,surviving,MA
25,MA,SD/STY,SD/STY,cooc,1,2.0,0.0,0.0,131.83,eliminated,MA
25,MA,STY,STY,pure,2,,0.0,0.0,131.83,eliminated,MA
26,MI,CON,CON,pure,0,,0.0,0.0,221.6,eliminated,MI
26,MI,CON/CTR,CON/CTR,cooc,0,6.0,0.0,0.0,221.6,eliminated,MI
26,MI,CON/NAT,CON/NAT,cooc,0,3.0,42.06,3.163,221.6,surviving,MI
26,MI,CON/REF,CON/REF,cooc,0,5.0,62.66,4.7131,221.6,surviving,MI
26,MI,CTR,CTR,pure,6,,0.0,0.0,221.6,eliminated,MI
26,MI,DSA,DSA,pure,8,,0.0,0.0,221.6,eliminated,MI
26,MI,LIB,LIB,pure,4,,0.0,0.0,221.6,eliminated,MI
26,MI,NAT,NAT,pure,3,,0.0,0.0,221.6,eliminated,MI
26,MI,REF,REF,pure,5,,0.0,0.0,221.6,eliminated,MI
26,MI,REF/STY,REF/STY,cooc,5,2.0,0.0,0.0,221.6,eliminated,MI
26,MI,SD,SD,pure,1,,41.46,3.1183,221.6,surviving,MI
26,MI,SD/LIB,SD/LIB,cooc,1,4.0,35.78,2.6911,221.6,surviving,MI
26,MI,SD/STY,SD/STY,cooc,1,2.0,39.64,2.9812,221.6,surviving,MI
26,MI,STY,STY,pure,2,,0.0,0.0,221.6,eliminated,MI
27,MN,CON,CON,pure,0,,0.0,0.0,119.0,eliminated,MN
27,MN,CON/CTR,CON/CTR,cooc,0,6.0,23.92,3.3504,119.0,surviving,MN
27,MN,CON/REF,CON/REF,cooc,0,5.0,23.71,3.3212,119.0,surviving,MN
27,MN,CTR,CTR,pure,6,,0.0,0.0,119.0,eliminated,MN
27,MN,LIB,LIB,pure,4,,0.0,0.0,119.0,eliminated,MN
27,MN,LIB/PRG,LIB/PRG,cooc,4,9.0,0.0,0.0,119.0,eliminated,MN
27,MN,NAT,NAT,pure,3,,0.0,0.0,119.0,eliminated,MN
27,MN,PRG,PRG,pure,9,,13.21,1.8501,119.0,surviving,MN
27,MN,REF,REF,pure,5,,0.0,0.0,119.0,eliminated,MN
27,MN,REF/STY,REF/STY,cooc,5,2.0,0.0,0.0,119.0,eliminated,MN
27,MN,SD,SD,pure,1,,30.08,4.2134,119.0,surviving,MN
27,MN,SD/LIB,SD/LIB,cooc,1,4.0,0.0,0.0,119.0,eliminated,MN
27,MN,SD/STY,SD/STY,cooc,1,2.0,28.07,3.9316,119.0,surviving,MN
27,MN,STY,STY,pure,2,,0.0,0.0,119.0,eliminated,MN
28,MS,CON,CON,pure,0,,10.2,2.2951,74.04,surviving,MS
28,MS,CON/CTR,CON/CTR,cooc,0,6.0,22.37,5.0361,74.04,surviving,MS
28,MS,CON/NAT,CON/NAT,cooc,0,3.0,4.25,0.9572,74.04,surviving,MS
28,MS,CON/REF,CON/REF,cooc,0,5.0,23.09,5.1969,74.04,surviving,MS
28,MS,CON/SD,CON/SD,cooc,0,1.0,0.0,0.0,74.04,eliminated,MS
28,MS,CTR,CTR,pure,6,,0.0,0.0,74.04,eliminated,MS
28,MS,NAT,NAT,pure,3,,0.0,0.0,74.04,eliminated,MS
28,MS,REF,REF,pure,5,,0.0,0.0,74.04,eliminated,MS
28,MS,SD,SD,pure,1,,0.0,0.0,74.04,eliminated,MS
28,MS,STY,STY,pure,2,,0.0,0.0,74.04,eliminated,MS
28,MS,STY/CON,STY/CON,wildcard,2,0.0,14.13,3.1814,74.04,surviving,MS
28,MS,STY/REF,STY/REF,cooc,2,5.0,0.0,0.0,74.04,eliminated,MS
28,MS,STY/SD,STY/SD,cooc,2,1.0,0.0,0.0,74.04,eliminated,MS
29,MO,CON,CON,pure,0,,0.0,0.0,158.46,eliminated,MO
29,MO,CON/CTR,CON/CTR,cooc,0,6.0,0.0,0.0,158.46,eliminated,MO
29,MO,CON/NAT,CON/NAT,cooc,0,3.0,0.0,0.0,158.46,eliminated,MO
29,MO,CON/REF,CON/REF,cooc,0,5.0,36.14,3.8015,158.46,surviving,MO
29,MO,CON/STY,CON/STY,wildcard,0,2.0,0.0,0.0,158.46,eliminated,MO
29,MO,CTR,CTR,pure,6,,0.0,0.0,158.46,eliminated,MO
29,MO,DSA,DSA,pure,8,,0.0,0.0,158.46,eliminated,MO
29,MO,LIB,LIB,pure,4,,0.0,0.0,158.46,eliminated,MO
29,MO,NAT,NAT,pure,3,,0.0,0.0,158.46,eliminated,MO
29,MO,REF,REF,pure,5,,0.0,0.0,158.46,eliminated,MO
29,MO,SD,SD,pure,1,,0.0,0.0,158.46,eliminated,MO
29,MO,SD/DSA,SD/DSA,cooc,1,8.0,30.56,3.2146,158.46,surviving,MO
29,MO,STY,STY,pure,2,,40.59,4.2693,158.46,surviving,MO
29,MO,STY/REF,STY/REF,cooc,2,5.0,20.88,2.1963,158.46,surviving,MO
29,MO,STY/SD,STY/SD,cooc,2,1.0,30.28,3.1849,158.46,surviving,MO
30,MT,CON,CON,pure,0,,8.31,3.2289,42.9,surviving,MT
30,MT,CON/CTR,CON/CTR,cooc,0,6.0,0.0,0.0,42.9,eliminated,MT
30,MT,CON/NAT,CON/NAT,cooc,0,3.0,4.06,1.5774,42.9,surviving,MT
30,MT,CON/REF,CON/REF,cooc,0,5.0,15.95,6.1968,42.9,surviving,MT
30,MT,CTR,CTR,pure,6,,0.0,0.0,42.9,eliminated,MT
30,MT,DSA,DSA,pure,8,,0.0,0.0,42.9,eliminated,MT
30,MT,LIB,LIB,pure,4,,0.0,0.0,42.9,eliminated,MT
30,MT,NAT,NAT,pure,3,,0.0,0.0,42.9,eliminated,MT
30,MT,REF,REF,pure,5,,6.61,2.5663,42.9,surviving,MT
30,MT,SD,SD,pure,1,,0.0,0.0,42.9,eliminated,MT
30,MT,SD/LIB,SD/LIB,cooc,1,4.0,0.0,0.0,42.9,eliminated,MT
30,MT,STY,STY,pure,2,,0.0,0.0,42.9,eliminated,MT
30,MT,STY/REF,STY/REF,cooc,2,5.0,7.97,3.0973,42.9,surviving,MT
30,MT,STY/SD,STY/SD,cooc,2,1.0,0.0,0.0,42.9,eliminated,MT
31,NE,CON,CON,pure,0,,0.0,0.0,49.32,eliminated,NE
31,NE,CON/CTR,CON/CTR,cooc,0,6.0,0.0,0.0,49.32,eliminated,NE
31,NE,CON/NAT,CON/NAT,cooc,0,3.0,0.0,0.0,49.32,eliminated,NE
31,NE,CON/REF,CON/REF,cooc,0,5.0,0.0,0.0,49.32,eliminated,NE
31,NE,CON/SD,CON/SD,wildcard,0,1.0,10.81,3.6529,49.32,surviving,NE
31,NE,CTR,CTR,pure,6,,4.59,1.5505,49.32,surviving,NE
31,NE,DSA,DSA,pure,8,,0.0,0.0,49.32,eliminated,NE
31,NE,LIB,LIB,pure,4,,0.0,0.0,49.32,eliminated,NE
31,NE,NAT,NAT,pure,3,,0.0,0.0,49.32,eliminated,NE
31,NE,REF,REF,pure,5,,13.81,4.6656,49.32,surviving,NE
31,NE,SD,SD,pure,1,,0.0,0.0,49.32,eliminated,NE
31,NE,SD/LIB,SD/LIB,cooc,1,4.0,9.1,3.0754,49.32,surviving,NE
31,NE,SD/STY,SD/STY,cooc,1,2.0,0.0,0.0,49.32,eliminated,NE
31,NE,STY,STY,pure,2,,0.0,0.0,49.32,eliminated,NE
31,NE,STY/REF,STY/REF,cooc,2,5.0,11.01,3.7222,49.32,surviving,NE
32,NV,CON,CON,pure,0,,0.0,0.0,117.92,eliminated,NV
32,NV,CON/CTR,CON/CTR,cooc,0,6.0,0.0,0.0,117.92,eliminated,NV
32,NV,CON/NAT,CON/NAT,cooc,0,3.0,0.0,0.0,117.92,eliminated,NV
32,NV,CON/REF,CON/REF,cooc,0,5.0,0.0,0.0,117.92,eliminated,NV
32,NV,CON/SD,CON/SD,wildcard,0,1.0,23.38,3.3051,117.92,surviving,NV
32,NV,CON/STY,CON/STY,wildcard,0,2.0,30.87,4.3631,117.92,surviving,NV
32,NV,CTR,CTR,pure,6,,0.0,0.0,117.92,eliminated,NV
32,NV,DSA,DSA,pure,8,,0.0,0.0,117.92,eliminated,NV
32,NV,LIB,LIB,pure,4,,7.69,1.0863,117.92,surviving,NV
32,NV,NAT,NAT,pure,3,,0.0,0.0,117.92,eliminated,NV
32,NV,REF,REF,pure,5,,0.0,0.0,117.92,eliminated,NV
32,NV,SD,SD,pure,1,,0.0,0.0,117.92,eliminated,NV
32,NV,SD/LIB,SD/LIB,cooc,1,4.0,0.0,0.0,117.92,eliminated,NV
32,NV,SD/STY,SD/STY,cooc,1,2.0,27.5,3.8861,117.92,surviving,NV
32,NV,STY,STY,pure,2,,0.0,0.0,117.92,eliminated,NV
32,NV,STY/REF,STY/REF,cooc,2,5.0,28.49,4.0261,117.92,surviving,NV
33,NH,CON,CON,pure,0,,0.0,0.0,44.12,eliminated,NH
33,NH,CON/CTR,CON/CTR,cooc,0,6.0,10.21,3.8573,44.12,surviving,NH
33,NH,CTR,CTR,pure,6,,6.35,2.3979,44.12,surviving,NH
33,NH,DSA,DSA,pure,8,,0.0,0.0,44.12,eliminated,NH
33,NH,DSA/PRG,DSA/PRG,cooc,8,9.0,0.0,0.0,44.12,eliminated,NH
33,NH,LIB,LIB,pure,4,,0.0,0.0,44.12,eliminated,NH
33,NH,NAT,NAT,pure,3,,0.0,0.0,44.12,eliminated,NH
33,NH,PRG,PRG,pure,9,,0.0,0.0,44.12,eliminated,NH
33,NH,REF,REF,pure,5,,0.0,0.0,44.12,eliminated,NH
33,NH,SD,SD,pure,1,,6.03,2.2775,44.12,surviving,NH
33,NH,SD/CTR,SD/CTR,cooc,1,6.0,10.51,3.9695,44.12,surviving,NH
33,NH,SD/DSA,SD/DSA,cooc,1,8.0,0.0,0.0,44.12,eliminated,NH
33,NH,SD/LIB,SD/LIB,cooc,1,4.0,11.02,4.1645,44.12,surviving,NH
33,NH,SD/STY,SD/STY,cooc,1,2.0,0.0,0.0,44.12,eliminated,NH
33,NH,STY,STY,pure,2,,0.0,0.0,44.12,eliminated,NH
34,NJ,CON,CON,pure,0,,0.0,0.0,193.7,eliminated,NJ
34,NJ,CON/CTR,CON/CTR,cooc,0,6.0,38.12,3.2797,193.7,surviving,NJ
34,NJ,CON/REF,CON/REF,cooc,0,5.0,0.0,0.0,193.7,eliminated,NJ
34,NJ,CON/SD,CON/SD,wildcard,0,1.0,33.01,2.8406,193.7,surviving,NJ
34,NJ,CTR,CTR,pure,6,,0.0,0.0,193.7,eliminated,NJ
34,NJ,DSA,DSA,pure,8,,0.0,0.0,193.7,eliminated,NJ
34,NJ,LIB,LIB,pure,4,,0.0,0.0,193.7,eliminated,NJ
34,NJ,NAT,NAT,pure,3,,0.0,0.0,193.7,eliminated,NJ
34,NJ,PRG,PRG,pure,9,,0.0,0.0,193.7,eliminated,NJ
34,NJ,REF,REF,pure,5,,12.63,1.0863,193.7,surviving,NJ
34,NJ,SD,SD,pure,1,,72.29,6.2205,193.7,surviving,NJ
34,NJ,SD/DSA,SD/DSA,cooc,1,8.0,0.0,0.0,193.7,eliminated,NJ
34,NJ,SD/LIB,SD/LIB,cooc,1,4.0,0.0,0.0,193.7,eliminated,NJ
34,NJ,SD/STY,SD/STY,cooc,1,2.0,0.0,0.0,193.7,eliminated,NJ
34,NJ,STY,STY,pure,2,,0.0,0.0,193.7,eliminated,NJ
34,NJ,STY/REF,STY/REF,cooc,2,5.0,37.65,3.2395,193.7,surviving,NJ
35,NM,CON,CON,pure,0,,10.27,2.4735,69.18,surviving,NM
35,NM,CON/CTR,CON/CTR,cooc,0,6.0,0.0,0.0,69.18,eliminated,NM
35,NM,CON/NAT,CON/NAT,cooc,0,3.0,0.0,0.0,69.18,eliminated,NM
35,NM,CON/REF,CON/REF,cooc,0,5.0,0.0,0.0,69.18,eliminated,NM
35,NM,CON/STY,CON/STY,wildcard,0,2.0,21.25,5.1194,69.18,surviving,NM
35,NM,CTR,CTR,pure,6,,0.0,0.0,69.18,eliminated,NM
35,NM,DSA,DSA,pure,8,,0.0,0.0,69.18,eliminated,NM
35,NM,LIB,LIB,pure,4,,0.0,0.0,69.18,eliminated,NM
35,NM,NAT,NAT,pure,3,,0.0,0.0,69.18,eliminated,NM
35,NM,REF,REF,pure,5,,3.93,0.946,69.18,surviving,NM
35,NM,SD,SD,pure,1,,0.0,0.0,69.18,eliminated,NM
35,NM,SD/CON,SD/CON,wildcard,1,0.0,25.23,6.0771,69.18,surviving,NM
35,NM,SD/LIB,SD/LIB,cooc,1,4.0,8.51,2.0506,69.18,surviving,NM
35,NM,SD/STY,SD/STY,cooc,1,2.0,0.0,0.0,69.18,eliminated,NM
35,NM,STY,STY,pure,2,,0.0,0.0,69.18,eliminated,NM
35,NM,STY/REF,STY/REF,cooc,2,5.0,0.0,0.0,69.18,eliminated,NM
36,NY,CON,CON,pure,0,,0.0,0.0,385.74,eliminated,NY
36,NY,CON/CTR,CON/CTR,cooc,0,6.0,0.0,0.0,385.74,eliminated,NY
36,NY,CON/REF,CON/REF,cooc,0,5.0,0.0,0.0,385.74,eliminated,NY
36,NY,CTR,CTR,pure,6,,76.15,3.2902,385.74,surviving,NY
36,NY,DSA,DSA,pure,8,,0.0,0.0,385.74,eliminated,NY
36,NY,LIB,LIB,pure,4,,0.0,0.0,385.74,eliminated,NY
36,NY,NAT,NAT,pure,3,,0.0,0.0,385.74,eliminated,NY
36,NY,PRG,PRG,pure,9,,0.0,0.0,385.74,eliminated,NY
36,NY,REF,REF,pure,5,,0.0,0.0,385.74,eliminated,NY
36,NY,SD,SD,pure,1,,83.0,3.5862,385.74,surviving,NY
36,NY,SD/DSA,SD/DSA,cooc,1,8.0,0.0,0.0,385.74,eliminated,NY
36,NY,SD/LIB,SD/LIB,cooc,1,4.0,0.0,0.0,385.74,eliminated,NY
36,NY,SD/STY,SD/STY,cooc,1,2.0,94.32,4.0754,385.74,surviving,NY
36,NY,STY,STY,pure,2,,85.31,3.6859,385.74,surviving,NY
36,NY,STY/REF,STY/REF,cooc,2,5.0,46.96,2.029,385.74,surviving,NY
37,NC,CON,CON,pure,0,,0.0,0.0,242.56,eliminated,NC
37,NC,CON/CTR,CON/CTR,cooc,0,6.0,54.81,3.7662,242.56,surviving,NC
37,NC,CON/NAT,CON/NAT,cooc,0,3.0,55.84,3.837,242.56,surviving,NC
37,NC,CON/REF,CON/REF,cooc,0,5.0,0.0,0.0,242.56,eliminated,NC
37,NC,CTR,CTR,pure,6,,0.0,0.0,242.56,eliminated,NC
37,NC,DSA,DSA,pure,8,,0.0,0.0,242.56,eliminated,NC
37,NC,LIB,LIB,pure,4,,0.0,0.0,242.56,eliminated,NC
37,NC,NAT,NAT,pure,3,,0.0,0.0,242.56,eliminated,NC
37,NC,PRG,PRG,pure,9,,0.0,0.0,242.56,eliminated,NC
37,NC,REF,REF,pure,5,,0.0,0.0,242.56,eliminated,NC
37,NC,SD,SD,pure,1,,27.3,1.8761,242.56,surviving,NC
37,NC,SD/LIB,SD/LIB,cooc,1,4.0,59.36,4.0784,242.56,surviving,NC
37,NC,STY,STY,pure,2,,0.0,0.0,242.56,eliminated,NC
37,NC,STY/REF,STY/REF,cooc,2,5.0,0.0,0.0,242.56,eliminated,NC
37,NC,STY/SD,STY/SD,cooc,2,1.0,45.25,3.1089,242.56,surviving,NC
38,ND,CON,CON,pure,0,,0.0,0.0,18.67,eliminated,ND
38,ND,CON/NAT,CON/NAT,cooc,0,3.0,1.03,0.9175,18.67,surviving,ND
38,ND,CON/SD,CON/SD,wildcard,0,1.0,0.0,0.0,18.67,eliminated,ND
38,ND,CTR,CTR,pure,6,,0.0,0.0,18.67,eliminated,ND
38,ND,CTR/LIB,CTR/LIB,cooc,6,4.0,3.74,3.3406,18.67,surviving,ND
38,ND,LIB,LIB,pure,4,,0.0,0.0,18.67,eliminated,ND
38,ND,NAT,NAT,pure,3,,0.0,0.0,18.67,eliminated,ND
38,ND,REF,REF,pure,5,,0.0,0.0,18.67,eliminated,ND
38,ND,REF/CON,REF/CON,cooc,5,0.0,0.0,0.0,18.67,eliminated,ND
38,ND,REF/CTR,REF/CTR,cooc,5,6.0,2.99,2.6662,18.67,surviving,ND
38,ND,REF/SD,REF/SD,wildcard,5,1.0,9.64,8.6081,18.67,surviving,ND
38,ND,REF/STY,REF/STY,cooc,5,2.0,1.27,1.1344,18.67,surviving,ND
38,ND,SD,SD,pure,1,,0.0,0.0,18.67,eliminated,ND
38,ND,SD/STY,SD/STY,cooc,1,2.0,0.0,0.0,18.67,eliminated,ND
38,ND,STY,STY,pure,2,,0.0,0.0,18.67,eliminated,ND
39,OH,CON,CON,pure,0,,0.0,0.0,287.86,eliminated,OH
39,OH,CON/CTR,CON/CTR,cooc,0,6.0,44.45,2.5739,287.86,surviving,OH
39,OH,CON/NAT,CON/NAT,cooc,0,3.0,0.0,0.0,287.86,eliminated,OH
39,OH,CON/REF,CON/REF,cooc,0,5.0,85.11,4.9279,287.86,surviving,OH
39,OH,CTR,CTR,pure,6,,0.0,0.0,287.86,eliminated,OH
39,OH,DSA,DSA,pure,8,,0.0,0.0,287.86,eliminated,OH
39,OH,LIB,LIB,pure,4,,0.0,0.0,287.86,eliminated,OH
39,OH,NAT,NAT,pure,3,,0.0,0.0,287.86,eliminated,OH
39,OH,REF,REF,pure,5,,0.0,0.0,287.86,eliminated,OH
39,OH,SD,SD,pure,1,,36.49,2.113,287.86,surviving,OH
39,OH,SD/LIB,SD/LIB,cooc,1,4.0,0.0,0.0,287.86,eliminated,OH
39,OH,STY,STY,pure,2,,0.0,0.0,287.86,eliminated,OH
39,OH,STY/REF,STY/REF,cooc,2,5.0,69.77,4.0394,287.86,surviving,OH
39,OH,STY/SD,STY/SD,cooc,2,1.0,52.03,3.0125,287.86,surviving,OH
40,OK,CON,CON,pure,0,,20.29,3.3472,101.03,surviving,OK
40,OK,CON/CTR,CON/CTR,cooc,0,6.0,35.5,5.8563,101.03,surviving,OK
40,OK,CON/NAT,CON/NAT,cooc,0,3.0,0.0,0.0,101.03,eliminated,OK
40,OK,CON/REF,CON/REF,cooc,0,5.0,0.0,0.0,101.03,eliminated,OK
40,OK,CTR,CTR,pure,6,,0.0,0.0,101.03,eliminated,OK
40,OK,DSA,DSA,pure,8,,0.0,0.0,101.03,eliminated,OK
40,OK,LIB,LIB,pure,4,,12.74,2.1015,101.03,surviving,OK
40,OK,NAT,NAT,pure,3,,0.0,0.0,101.03,eliminated,OK
40,OK,REF,REF,pure,5,,0.0,0.0,101.03,eliminated,OK
40,OK,SD,SD,pure,1,,0.0,0.0,101.03,eliminated,OK
40,OK,SD/LIB,SD/LIB,cooc,1,4.0,0.0,0.0,101.03,eliminated,OK
40,OK,STY,STY,pure,2,,0.0,0.0,101.03,eliminated,OK
40,OK,STY/REF,STY/REF,cooc,2,5.0,21.6,3.5624,101.03,surviving,OK
40,OK,STY/SD,STY/SD,cooc,2,1.0,10.91,1.7993,101.03,surviving,OK
41,OR,CON,CON,pure,0,,0.0,0.0,143.62,eliminated,OR
41,OR,CON/REF,CON/REF,cooc,0,5.0,15.88,1.8426,143.62,surviving,OR
41,OR,CTR,CTR,pure,6,,0.0,0.0,143.62,eliminated,OR
41,OR,DSA,DSA,pure,8,,0.0,0.0,143.62,eliminated,OR
41,OR,LIB,LIB,pure,4,,0.0,0.0,143.62,eliminated,OR
41,OR,LIB/PRG,LIB/PRG,cooc,4,9.0,33.08,3.839,143.62,surviving,OR
41,OR,NAT,NAT,pure,3,,0.0,0.0,143.62,eliminated,OR
41,OR,NAT/REF,NAT/REF,cooc,3,5.0,0.0,0.0,143.62,eliminated,OR
41,OR,PRG,PRG,pure,9,,0.0,0.0,143.62,eliminated,OR
41,OR,REF,REF,pure,5,,21.66,2.5141,143.62,surviving,OR
41,OR,SD,SD,pure,1,,40.94,4.751,143.62,surviving,OR
41,OR,SD/DSA,SD/DSA,cooc,1,8.0,32.06,3.72,143.62,surviving,OR
41,OR,SD/LIB,SD/LIB,cooc,1,4.0,0.0,0.0,143.62,eliminated,OR
41,OR,SD/STY,SD/STY,cooc,1,2.0,0.0,0.0,143.62,eliminated,OR
41,OR,STY,STY,pure,2,,0.0,0.0,143.62,eliminated,OR
42,PA,CON,CON,pure,0,,75.23,3.4357,364.92,surviving,PA
42,PA,CON/CTR,CON/CTR,cooc,0,6.0,0.0,0.0,364.92,eliminated,PA
42,PA,CON/NAT,CON/NAT,cooc,0,3.0,0.0,0.0,364.92,eliminated,PA
42,PA,CON/REF,CON/REF,cooc,0,5.0,0.0,0.0,364.92,eliminated,PA
42,PA,CON/SD,CON/SD,wildcard,0,1.0,86.45,3.9482,364.92,surviving,PA
42,PA,CTR,CTR,pure,6,,0.0,0.0,364.92,eliminated,PA
42,PA,DSA,DSA,pure,8,,0.0,0.0,364.92,eliminated,PA
42,PA,LIB,LIB,pure,4,,0.0,0.0,364.92,eliminated,PA
42,PA,NAT,NAT,pure,3,,0.0,0.0,364.92,eliminated,PA
42,PA,PRG,PRG,pure,9,,0.0,0.0,364.92,eliminated,PA
42,PA,REF,REF,pure,5,,0.0,0.0,364.92,eliminated,PA
42,PA,SD,SD,pure,1,,0.0,0.0,364.92,eliminated,PA
42,PA,SD/LIB,SD/LIB,cooc,1,4.0,0.0,0.0,364.92,eliminated,PA
42,PA,SD/STY,SD/STY,cooc,1,2.0,71.98,3.2876,364.92,surviving,PA
42,PA,STY,STY,pure,2,,87.84,4.0118,364.92,surviving,PA
42,PA,STY/REF,STY/REF,cooc,2,5.0,43.43,1.9834,364.92,surviving,PA
44,RI,CON,CON,pure,0,,12.43,7.61,27.22,surviving,RI
44,RI,CON/CTR,CON/CTR,cooc,0,6.0,6.87,4.2065,27.22,surviving,RI
44,RI,CTR,CTR,pure,6,,0.0,0.0,27.22,eliminated,RI
44,RI,DSA,DSA,pure,8,,0.0,0.0,27.22,eliminated,RI
44,RI,LIB,LIB,pure,4,,3.3,2.0233,27.22,surviving,RI
44,RI,NAT,NAT,pure,3,,0.0,0.0,27.22,eliminated,RI
44,RI,PRG,PRG,pure,9,,0.0,0.0,27.22,eliminated,RI
44,RI,REF,REF,pure,5,,0.0,0.0,27.22,eliminated,RI
44,RI,SD,SD,pure,1,,0.0,0.0,27.22,eliminated,RI
44,RI,SD/CON,SD/CON,cooc,1,0.0,0.0,0.0,27.22,eliminated,RI
44,RI,SD/DSA,SD/DSA,cooc,1,8.0,0.0,0.0,27.22,eliminated,RI
44,RI,SD/LIB,SD/LIB,cooc,1,4.0,0.55,0.3368,27.22,surviving,RI
44,RI,SD/STY,SD/STY,cooc,1,2.0,0.0,0.0,27.22,eliminated,RI
44,RI,STY,STY,pure,2,,4.07,2.49,27.22,surviving,RI
44,RI,STY/REF,STY/REF,cooc,2,5.0,0.0,0.0,27.22,eliminated,RI
45,SC,CON,CON,pure,0,,0.0,0.0,121.71,eliminated,SC
45,SC,CON/CTR,CON/CTR,cooc,0,6.0,0.0,0.0,121.71,eliminated,SC
45,SC,CON/NAT,CON/NAT,cooc,0,3.0,0.0,0.0,121.71,eliminated,SC
45,SC,CON/REF,CON/REF,cooc,0,5.0,0.0,0.0,121.71,eliminated,SC
45,SC,CON/STY,CON/STY,wildcard,0,2.0,25.8,3.5323,121.71,surviving,SC
45,SC,CTR,CTR,pure,6,,25.65,3.5126,121.71,surviving,SC
45,SC,DSA,DSA,pure,8,,0.0,0.0,121.71,eliminated,SC
45,SC,LIB,LIB,pure,4,,0.0,0.0,121.71,eliminated,SC
45,SC,NAT,NAT,pure,3,,0.0,0.0,121.71,eliminated,SC
45,SC,REF,REF,pure,5,,0.0,0.0,121.71,eliminated,SC
45,SC,SD,SD,pure,1,,10.51,1.4395,121.71,surviving,SC
45,SC,SD/DSA,SD/DSA,cooc,1,8.0,0.0,0.0,121.71,eliminated,SC
45,SC,STY,STY,pure,2,,0.0,0.0,121.71,eliminated,SC
45,SC,STY/REF,STY/REF,cooc,2,5.0,19.46,2.6644,121.71,surviving,SC
45,SC,STY/SD,STY/SD,cooc,2,1.0,40.3,5.5179,121.71,surviving,SC
46,SD,CON,CON,pure,0,,4.85,3.428,23.58,surviving,SD
46,SD,CON/CTR,CON/CTR,cooc,0,6.0,3.61,2.5499,23.58,surviving,SD
46,SD,CON/NAT,CON/NAT,cooc,0,3.0,0.0,0.0,23.58,eliminated,SD
46,SD,CON/STY,CON/STY,wildcard,0,2.0,0.0,0.0,23.58,eliminated,SD
46,SD,CTR,CTR,pure,6,,0.0,0.0,23.58,eliminated,SD
46,SD,DSA,DSA,pure,8,,0.0,0.0,23.58,eliminated,SD
46,SD,LIB,LIB,pure,4,,0.0,0.0,23.58,eliminated,SD
46,SD,NAT,NAT,pure,3,,0.0,0.0,23.58,eliminated,SD
46,SD,REF,REF,pure,5,,0.85,0.5976,23.58,surviving,SD
46,SD,SD,SD,pure,1,,0.0,0.0,23.58,eliminated,SD
46,SD,SD/DSA,SD/DSA,cooc,1,8.0,0.0,0.0,23.58,eliminated,SD
46,SD,SD/LIB,SD/LIB,cooc,1,4.0,10.41,7.3562,23.58,surviving,SD
46,SD,STY,STY,pure,2,,0.0,0.0,23.58,eliminated,SD
46,SD,STY/REF,STY/REF,cooc,2,5.0,0.0,0.0,23.58,eliminated,SD
46,SD,STY/SD,STY/SD,cooc,2,1.0,3.87,2.7349,23.58,surviving,SD
47,TN,CON,CON,pure,0,,25.58,2.2372,190.57,surviving,TN
47,TN,CON/CTR,CON/CTR,cooc,0,6.0,53.84,4.7089,190.57,surviving,TN
47,TN,CON/NAT,CON/NAT,cooc,0,3.0,0.0,0.0,190.57,eliminated,TN
47,TN,CON/REF,CON/REF,cooc,0,5.0,53.05,4.64,190.57,surviving,TN
47,TN,CON/STY,CON/STY,cooc,0,2.0,0.0,0.0,190.57,eliminated,TN
47,TN,CTR,CTR,pure,6,,28.19,2.4655,190.57,surviving,TN
47,TN,NAT,NAT,pure,3,,0.0,0.0,190.57,eliminated,TN
47,TN,REF,REF,pure,5,,0.0,0.0,190.57,eliminated,TN
47,TN,SD,SD,pure,1,,0.0,0.0,190.57,eliminated,TN
47,TN,STY,STY,pure,2,,0.0,0.0,190.57,eliminated,TN
47,TN,STY/REF,STY/REF,cooc,2,5.0,29.9,2.615,190.57,surviving,TN
47,TN,STY/SD,STY/SD,cooc,2,1.0,0.0,0.0,190.57,eliminated,TN
48,TX,CON,CON,pure,0,,0.0,0.0,592.51,eliminated,TX
48,TX,CON/CTR,CON/CTR,cooc,0,6.0,0.0,0.0,592.51,eliminated,TX
48,TX,CON/NAT,CON/NAT,cooc,0,3.0,0.0,0.0,592.51,eliminated,TX
48,TX,CON/REF,CON/REF,cooc,0,5.0,128.36,3.6106,592.51,surviving,TX
48,TX,CTR,CTR,pure,6,,0.0,0.0,592.51,eliminated,TX
48,TX,DSA,DSA,pure,8,,0.0,0.0,592.51,eliminated,TX
48,TX,LIB,LIB,pure,4,,0.0,0.0,592.51,eliminated,TX
48,TX,NAT,NAT,pure,3,,0.0,0.0,592.51,eliminated,TX
48,TX,REF,REF,pure,5,,0.0,0.0,592.51,eliminated,TX
48,TX,SD,SD,pure,1,,0.0,0.0,592.51,eliminated,TX
48,TX,SD/LIB,SD/LIB,cooc,1,4.0,110.8,3.1167,592.51,surviving,TX
48,TX,STY,STY,pure,2,,0.0,0.0,592.51,eliminated,TX
48,TX,STY/CON,STY/CON,wildcard,2,0.0,138.67,3.9006,592.51,surviving,TX
48,TX,STY/REF,STY/REF,cooc,2,5.0,109.51,3.0804,592.51,surviving,TX
48,TX,STY/SD,STY/SD,cooc,2,1.0,105.17,2.9584,592.51,surviving,TX
49,UT,CON,CON,pure,0,,0.0,0.0,77.02,eliminated,UT
49,UT,CON/CTR,CON/CTR,cooc,0,6.0,0.0,0.0,77.02,eliminated,UT
49,UT,CON/NAT,CON/NAT,cooc,0,3.0,23.22,5.0253,77.02,surviving,UT
49,UT,CTR,CTR,pure,6,,0.0,0.0,77.02,eliminated,UT
49,UT,DSA,DSA,pure,8,,0.0,0.0,77.02,eliminated,UT
49,UT,LIB,LIB,pure,4,,7.52,1.6276,77.02,surviving,UT
49,UT,NAT,NAT,pure,3,,0.0,0.0,77.02,eliminated,UT
49,UT,REF,REF,pure,5,,0.0,0.0,77.02,eliminated,UT
49,UT,SD,SD,pure,1,,0.0,0.0,77.02,eliminated,UT
49,UT,SD/DSA,SD/DSA,cooc,1,8.0,0.0,0.0,77.02,eliminated,UT
49,UT,SD/LIB,SD/LIB,cooc,1,4.0,6.52,1.4108,77.02,surviving,UT
49,UT,STY,STY,pure,2,,17.51,3.7898,77.02,surviving,UT
49,UT,STY/REF,STY/REF,cooc,2,5.0,0.0,0.0,77.02,eliminated,UT
49,UT,STY/SD,STY/SD,cooc,2,1.0,22.24,4.8133,77.02,surviving,UT
50,VT,CON,CON,pure,0,,0.0,0.0,17.94,eliminated,VT
50,VT,CON/CTR,CON/CTR,cooc,0,6.0,0.0,0.0,17.94,eliminated,VT
50,VT,CTR,CTR,pure,6,,0.78,0.72,17.94,surviving,VT
50,VT,DSA,DSA,pure,8,,0.0,0.0,17.94,eliminated,VT
50,VT,LIB,LIB,pure,4,,0.0,0.0,17.94,eliminated,VT
50,VT,PRG,PRG,pure,9,,0.0,0.0,17.94,eliminated,VT
50,VT,PRG/DSA,PRG/DSA,cooc,9,8.0,5.8,5.3857,17.94,surviving,VT
50,VT,PRG/LIB,PRG/LIB,cooc,9,4.0,2.69,2.4964,17.94,surviving,VT
50,VT,REF,REF,pure,5,,0.0,0.0,17.94,eliminated,VT
50,VT,SD,SD,pure,1,,0.0,0.0,17.94,eliminated,VT
50,VT,SD/LIB,SD/LIB,cooc,1,4.0,4.67,4.3388,17.94,surviving,VT
50,VT,SD/STY,SD/STY,cooc,1,2.0,0.0,0.0,17.94,eliminated,VT
50,VT,STY,STY,pure,2,,4.01,3.7258,17.94,surviving,VT
50,VT,STY/REF,STY/REF,cooc,2,5.0,0.0,0.0,17.94,eliminated,VT
51,VA,CON,CON,pure,0,,0.0,0.0,221.12,eliminated,VA
51,VA,CON/CTR,CON/CTR,cooc,0,6.0,0.0,0.0,221.12,eliminated,VA
51,VA,CON/NAT,CON/NAT,cooc,0,3.0,0.0,0.0,221.12,eliminated,VA
51,VA,CON/REF,CON/REF,cooc,0,5.0,38.85,2.928,221.12,surviving,VA
51,VA,CON/SD,CON/SD,wildcard,0,1.0,55.69,4.1975,221.12,surviving,VA
51,VA,CTR,CTR,pure,6,,0.0,0.0,221.12,eliminated,VA
51,VA,DSA,DSA,pure,8,,0.0,0.0,221.12,eliminated,VA
51,VA,LIB,LIB,pure,4,,40.54,3.0559,221.12,surviving,VA
51,VA,NAT,NAT,pure,3,,0.0,0.0,221.12,eliminated,VA
51,VA,PRG,PRG,pure,9,,0.0,0.0,221.12,eliminated,VA
51,VA,REF,REF,pure,5,,33.97,2.5602,221.12,surviving,VA
51,VA,SD,SD,pure,1,,0.0,0.0,221.12,eliminated,VA
51,VA,SD/LIB,SD/LIB,cooc,1,4.0,52.07,3.925,221.12,surviving,VA
51,VA,SD/STY,SD/STY,cooc,1,2.0,0.0,0.0,221.12,eliminated,VA
51,VA,STY,STY,pure,2,,0.0,0.0,221.12,eliminated,VA
51,VA,STY/REF,STY/REF,cooc,2,5.0,0.0,0.0,221.12,eliminated,VA
53,WA,CON,CON,pure,0,,45.57,3.7296,203.63,surviving,WA
53,WA,CON/REF,CON/REF,cooc,0,5.0,0.0,0.0,203.63,eliminated,WA
53,WA,CTR,CTR,pure,6,,26.14,2.1395,203.63,surviving,WA
53,WA,DSA,DSA,pure,8,,0.0,0.0,203.63,eliminated,WA
53,WA,LIB,LIB,pure,4,,0.0,0.0,203.63,eliminated,WA
53,WA,LIB/PRG,LIB/PRG,cooc,4,9.0,0.0,0.0,203.63,eliminated,WA
53,WA,NAT,NAT,pure,3,,0.0,0.0,203.63,eliminated,WA
53,WA,PRG,PRG,pure,9,,0.0,0.0,203.63,eliminated,WA
53,WA,REF,REF,pure,5,,0.0,0.0,203.63,eliminated,WA
53,WA,REF/NAT,REF/NAT,cooc,5,3.0,0.0,0.0,203.63,eliminated,WA
53,WA,SD,SD,pure,1,,45.9,3.7569,203.63,surviving,WA
53,WA,SD/DSA,SD/DSA,cooc,1,8.0,53.31,4.3631,203.63,surviving,WA
53,WA,SD/LIB,SD/LIB,cooc,1,4.0,0.0,0.0,203.63,eliminated,WA
53,WA,SD/STY,SD/STY,cooc,1,2.0,32.71,2.6776,203.63,surviving,WA
53,WA,STY,STY,pure,2,,0.0,0.0,203.63,eliminated,WA
54,WV,CON,CON,pure,0,,7.97,2.2135,60.04,surviving,WV
54,WV,CON/CTR,CON/CTR,cooc,0,6.0,0.0,0.0,60.04,eliminated,WV
54,WV,CON/NAT,CON/NAT,cooc,0,3.0,0.0,0.0,60.04,eliminated,WV
54,WV,CON/SD,CON/SD,wildcard,0,1.0,8.79,2.4402,60.04,surviving,WV
54,WV,CON/STY,CON/STY,wildcard,0,2.0,11.28,3.13,60.04,surviving,WV
54,WV,CTR,CTR,pure,6,,0.0,0.0,60.04,eliminated,WV
54,WV,LIB,LIB,pure,4,,0.0,0.0,60.04,eliminated,WV
54,WV,NAT,NAT,pure,3,,0.0,0.0,60.04,eliminated,WV
54,WV,REF,REF,pure,5,,0.0,0.0,60.04,eliminated,WV
54,WV,REF/CTR,REF/CTR,cooc,5,6.0,0.0,0.0,60.04,eliminated,WV
54,WV,SD,SD,pure,1,,13.9,3.8593,60.04,surviving,WV
54,WV,SD/LIB,SD/LIB,cooc,1,4.0,0.0,0.0,60.04,eliminated,WV
54,WV,STY,STY,pure,2,,0.0,0.0,60.04,eliminated,WV
54,WV,STY/REF,STY/REF,cooc,2,5.0,18.1,5.0237,60.04,surviving,WV
54,WV,STY/SD,STY/SD,cooc,2,1.0,0.0,0.0,60.04,eliminated,WV
55,WI,CON,CON,pure,0,,0.0,0.0,161.57,eliminated,WI
55,WI,CON/CTR,CON/CTR,cooc,0,6.0,0.0,0.0,161.57,eliminated,WI
55,WI,CON/NAT,CON/NAT,cooc,0,3.0,0.0,0.0,161.57,eliminated,WI
55,WI,CON/REF,CON/REF,cooc,0,5.0,36.58,3.7735,161.57,surviving,WI
55,WI,CTR,CTR,pure,6,,39.03,4.0263,161.57,surviving,WI
55,WI,DSA,DSA,pure,8,,0.0,0.0,161.57,eliminated,WI
55,WI,LIB,LIB,pure,4,,0.0,0.0,161.57,eliminated,WI
55,WI,NAT,NAT,pure,3,,0.0,0.0,161.57,eliminated,WI
55,WI,PRG,PRG,pure,9,,0.0,0.0,161.57,eliminated,WI
55,WI,REF,REF,pure,5,,23.17,2.3901,161.57,surviving,WI
55,WI,REF/STY,REF/STY,cooc,5,2.0,0.0,0.0,161.57,eliminated,WI
55,WI,SD,SD,pure,1,,47.41,4.8909,161.57,surviving,WI
55,WI,SD/LIB,SD/LIB,cooc,1,4.0,0.0,0.0,161.57,eliminated,WI
55,WI,SD/STY,SD/STY,cooc,1,2.0,0.0,0.0,161.57,eliminated,WI
55,WI,STY,STY,pure,2,,15.37,1.586,161.57,surviving,WI
56,WY,CON,CON,pure,0,,0.95,0.9708,16.38,surviving,WY
56,WY,CON/CTR,CON/CTR,cooc,0,6.0,2.95,2.9989,16.38,surviving,WY
56,WY,CON/NAT,CON/NAT,cooc,0,3.0,0.0,0.0,16.38,eliminated,WY
56,WY,CON/REF,CON/REF,cooc,0,5.0,0.0,0.0,16.38,eliminated,WY
56,WY,CTR,CTR,pure,6,,0.0,0.0,16.38,eliminated,WY
56,WY,LIB,LIB,pure,4,,0.0,0.0,16.38,eliminated,WY
56,WY,NAT,NAT,pure,3,,0.0,0.0,16.38,eliminated,WY
56,WY,REF,REF,pure,5,,4.49,4.5684,16.38,surviving,WY
56,WY,REF/STY,REF/STY,cooc,5,2.0,0.0,0.0,16.38,eliminated,WY
56,WY,SD,SD,pure,1,,0.0,0.0,16.38,eliminated,WY
56,WY,SD/LIB,SD/LIB,cooc,1,4.0,0.0,0.0,16.38,eliminated,WY
56,WY,STY,STY,pure,2,,4.43,4.5112,16.38,surviving,WY
56,WY,STY/SD,STY/SD,cooc,2,1.0,3.56,3.6173,16.38,surviving,WY
