variable,domain,type,stat_label,question,overall,c0,c1,c2,c3,c4,c5,c6,c7,c8,c9
CC24_341a,Taxes & Economy,binary,% Supporting,Extend the 2017 tax cuts,62.9096,85.1391,48.868,60.5274,93.7855,33.0026,75.7089,76.3888,68.5288,28.8072,11.7472
CC24_341b,Taxes & Economy,binary,% Supporting,Raise corporate income tax from 21% to 28%,57.6828,38.8283,80.3757,53.4382,6.6686,90.7269,33.5886,53.0495,80.0204,88.5291,97.349
CC24_341c,Taxes & Economy,binary,% Supporting,Allow rates on $400k+ earners to rise to 35%,65.3484,52.531,86.3894,58.7368,7.5546,98.0046,37.998,62.0599,92.7938,99.6371,100.0
CC24_341d,Taxes & Economy,binary,% Supporting,Spend $150B/yr on infrastructure,80.4546,78.4184,90.7076,70.879,54.8584,97.4358,61.252,79.6649,94.9394,95.4743,99.527
CC24_302,Taxes & Economy,ordinal,Weighted mean,Household income change past year (1=Increased a lot … 5=Decreased a lot),3.1199,3.2872,2.949,3.1641,3.5477,2.6856,3.4277,3.0302,2.9728,3.0358,2.7421
CC24_302,Taxes & Economy,ordinal_dist,% Increased a lot,Household income change past year (1=Increased a lot … 5=Decreased a lot),3.03,1.16,4.0,3.28,1.13,4.88,1.78,5.87,2.28,2.86,5.36
CC24_302,Taxes & Economy,ordinal_dist,% Increased somewhat,Household income change past year (1=Increased a lot … 5=Decreased a lot),19.74,12.07,25.75,19.94,6.44,35.05,11.67,18.05,22.84,25.17,34.76
CC24_302,Taxes & Economy,ordinal_dist,% Stayed same,Household income change past year (1=Increased a lot … 5=Decreased a lot),50.26,55.02,49.56,46.94,48.85,50.05,46.53,51.67,56.58,47.13,46.05
CC24_302,Taxes & Economy,ordinal_dist,% Decreased somewhat,Household income change past year (1=Increased a lot … 5=Decreased a lot),16.15,20.37,12.71,16.75,23.69,6.66,22.02,16.01,11.93,15.19,7.95
CC24_302,Taxes & Economy,ordinal_dist,% Decreased a lot,Household income change past year (1=Increased a lot … 5=Decreased a lot),10.82,11.38,7.97,13.08,19.89,3.36,17.99,8.4,6.37,9.65,5.87
CC24_303,Taxes & Economy,ordinal,Weighted mean,Price change past year (1=Increased a lot … 5=Decreased a lot),1.6116,1.3256,1.8281,1.7436,1.193,2.0245,1.3853,1.5351,1.6372,1.7634,2.0963
CC24_303,Taxes & Economy,ordinal_dist,% Increased a lot,Price change past year (1=Increased a lot … 5=Decreased a lot),55.11,73.98,39.69,49.52,83.63,26.98,72.54,57.96,50.34,43.18,23.8
CC24_303,Taxes & Economy,ordinal_dist,% Increased somewhat,Price change past year (1=Increased a lot … 5=Decreased a lot),32.57,21.37,43.0,32.64,14.18,50.71,20.48,32.47,38.6,41.16,50.51
CC24_303,Taxes & Economy,ordinal_dist,% Stayed same,Price change past year (1=Increased a lot … 5=Decreased a lot),8.87,3.18,12.34,13.08,1.77,15.35,4.14,8.19,8.13,11.89,18.3
CC24_303,Taxes & Economy,ordinal_dist,% Decreased somewhat,Price change past year (1=Increased a lot … 5=Decreased a lot),2.95,1.06,4.75,3.49,0.1,6.79,1.58,0.89,2.88,3.66,7.06
CC24_303,Taxes & Economy,ordinal_dist,% Decreased a lot,Price change past year (1=Increased a lot … 5=Decreased a lot),0.5,0.41,0.22,1.27,0.32,0.17,1.26,0.5,0.06,0.1,0.34
CC24_323a,Immigration,binary,% Supporting,Grant legal status to long-term undocumented immigrants,59.2294,30.2296,82.7113,75.1003,0.201,98.3073,12.3442,59.9703,90.3728,99.3685,99.9762
CC24_323b,Immigration,binary,% Supporting,Increase border patrols,79.5714,99.4845,72.2397,64.8119,100.0,75.3309,89.1047,93.2013,99.966,18.338,40.627
CC24_323d,Immigration,binary,% Supporting,Permanent status/pathway for Dreamers,70.4041,53.0032,98.3844,86.6809,0.282,99.9717,27.6665,72.2816,98.7846,100.0,100.0
CC24_323f,Immigration,binary,% Supporting,Forgive up to $20k of student loan debt per person,54.1862,25.7075,79.6209,70.5324,5.2886,82.7126,30.2371,47.291,54.8215,95.8983,93.6354
CC24_340f,Immigration,binary,% Supporting,Deny asylum for illegal border crossings,63.1681,99.8093,39.458,39.6282,100.0,29.4301,87.0888,82.0974,100.0,0.0336,0.1145
CC24_321a,Police & Guns,binary,% Supporting,Ban assault rifles,59.5554,40.7492,80.9072,63.1428,6.4067,91.4934,27.0589,58.5513,81.0322,93.1937,96.5447
CC24_321b,Police & Guns,binary,% Supporting,Easier concealed-carry permits,38.9291,54.9176,20.1692,36.5762,91.7736,7.2956,67.8831,44.222,21.1161,1.9058,1.1018
CC24_321c,Police & Guns,binary,% Supporting,Require background checks on all gun sales,92.5023,93.8034,98.4429,88.7939,75.8481,99.5799,80.3952,94.8726,98.9825,99.6987,99.647
CC24_321d,Police & Guns,binary,% Supporting,Increase police by 10%,56.7169,99.714,31.436,34.9589,100.0,35.5848,44.166,65.1423,99.9786,0.2707,0.3959
CC24_321e,Police & Guns,binary,% Supporting,"Decrease police by 10%, increase other funding",26.7993,1.8792,39.5124,39.1405,0.1097,35.6377,19.5421,16.6141,1.3649,87.2103,75.5713
CC24_321f,Police & Guns,binary,% Supporting,Increase spending on mental health & school safety,86.4629,86.5553,95.922,85.8456,54.075,98.4488,66.5524,90.4463,98.4488,99.0147,99.6192
CC24_325,Abortion,continuous,Median,Abortion: how many weeks should it be legal,13.0,10.0,18.0,13.0,7.0,24.0,8.0,12.0,12.0,28.0,32.0
CC24_325,Abortion,continuous,Q25,Abortion: how many weeks should it be legal,6.0,4.0,10.0,6.0,0.0,16.0,1.0,4.0,8.0,20.0,24.0
CC24_325,Abortion,continuous,Q75,Abortion: how many weeks should it be legal,24.0,15.0,26.0,23.0,12.0,36.0,14.0,19.0,21.0,40.0,40.0
CC24_324b,Abortion,binary,% Supporting,Permit abortion only in rape/incest/life danger cases,51.3964,72.6163,36.9495,56.8046,72.2413,25.7348,60.3942,65.4458,57.3858,14.1527,6.143
CC24_340b,Abortion,binary,% Supporting,Prohibit restrictions on abortion access (Congress bill),63.0207,48.7144,82.7413,53.177,31.5194,88.8153,43.5041,53.8649,75.0169,94.0501,95.6766
CC24_444c,Abortion,binary,% Supporting,Prohibit abortion-inducing drugs by mail,41.2474,63.5861,22.9448,39.0023,74.6758,11.1838,58.7169,54.5528,38.551,3.7817,1.466
CC24_444d,Abortion,binary,% Supporting,Prohibit women traveling to another state for abortion,18.4855,27.1627,8.8986,25.6106,27.2533,3.6846,26.8387,28.0167,15.9998,0.469,0.1411
CC24_340c,Civil Liberties,binary,% Supporting,Federal recognition of same-sex & interracial marriages,66.0666,47.846,95.9375,54.3011,26.541,97.2584,43.4016,55.8161,79.2497,98.4739,99.9117
CC24_340d,Civil Liberties,binary,% Supporting,Ban TikTok unless China sells to a US company,55.4871,73.6451,44.4839,40.7118,76.8622,52.3658,54.7864,62.4261,70.7874,20.813,32.151
CC24_340e,Civil Liberties,binary,% Supporting,Renew post-9/11 surveillance programs,34.0178,45.1447,36.4273,30.2967,9.4977,43.0105,21.3699,45.6591,71.6158,18.3327,3.7548
CC24_444a,Civil Liberties,binary,% Supporting,Prevent gender transition surgery for minors,60.1484,78.1244,48.9304,60.1361,88.9089,32.5615,78.3789,72.2826,59.9299,21.6662,15.5509
CC24_444b,Civil Liberties,binary,% Supporting,Parental consent for name/pronoun changes at school,62.7367,85.3977,45.6794,63.6007,94.3123,34.6172,85.0514,75.434,70.8522,11.6714,7.6704
CC24_444e,Civil Liberties,binary,% Supporting,Age verification for adult web content,78.7779,88.5785,75.2629,77.5991,87.0568,72.9322,78.8884,83.4249,89.9619,59.0949,53.2211
CC24_444f,Civil Liberties,binary,% Supporting,School voucher subsidies,56.1512,70.5407,44.454,61.4132,86.9864,26.5249,71.3714,65.6888,49.3882,33.7039,11.9711
CC24_326a,Environment & Climate,binary,% Supporting,Give EPA power to regulate CO2 emissions,62.3942,39.213,88.7817,67.2327,4.9293,95.241,31.6727,63.453,83.2917,96.8977,98.6686
CC24_326b,Environment & Climate,binary,% Supporting,Require 20% renewable electricity,66.1221,44.5249,90.3056,76.5382,8.9909,94.3359,39.5961,67.4679,83.271,96.9976,98.0185
CC24_326c,Environment & Climate,binary,% Supporting,Strengthen Clean Air/Water Act enforcement (even if it costs jobs),55.1936,29.6793,77.0459,62.6317,4.3782,90.4664,26.8186,51.2673,69.4992,93.13,97.0091
CC24_326d,Environment & Climate,binary,% Supporting,Increase fossil fuel production in the U.S.,56.953,85.0649,36.3858,50.0336,96.3562,25.9202,74.0844,70.3257,60.5973,10.0169,8.1938
CC24_326e,Environment & Climate,binary,% Supporting,Halt new oil and gas leases on federal lands,44.7229,19.5656,65.6536,50.8046,3.2241,74.3598,20.9991,38.5447,45.2285,87.6893,89.476
CC24_326f,Environment & Climate,binary,% Supporting,Prevent government from banning gas stoves,67.4904,78.2704,61.4964,62.1408,90.4861,56.6433,77.1006,71.5926,69.0016,44.1319,36.8299
CC24_328a,Healthcare & Housing,binary,% Supporting,Relax local zoning laws to allow more apartments/condos,50.2392,41.7546,55.0034,54.3716,34.7906,63.0486,40.223,51.2787,55.8466,52.8005,69.6332
CC24_328b,Healthcare & Housing,binary,% Supporting,Expand federal tax incentives for affordable housing,72.447,59.6047,86.792,78.9586,32.6072,92.8938,53.0424,72.9798,81.7823,95.9166,96.6631
CC24_328c,Healthcare & Housing,binary,% Supporting,Require able-bodied Medicaid recipients under 64 to work,53.2651,69.5243,44.5384,49.3468,72.7547,40.1937,58.3849,58.7486,67.127,22.0528,17.1894
CC24_328d,Healthcare & Housing,binary,% Supporting,Repeal the Affordable Care Act,38.4834,62.1169,15.0659,33.492,85.7204,5.0445,67.1593,41.3864,25.3127,3.5629,1.4684
CC24_328e,Healthcare & Housing,binary,% Supporting,Expand Medicaid (income <$25k individual / <$40k family),78.6882,67.2118,93.4622,84.2906,38.0257,95.4068,65.8631,79.1274,88.5421,98.7615,99.3276
CC24_440a,Racial & Gender,likert5,"Mean (1=Strongly Agree, 5=Strongly Disagree)",White people have certain advantages because of their race,2.6905,3.5336,1.912,2.3041,4.3596,1.6061,3.6628,2.9772,2.5245,1.2612,1.2172
CC24_440a,Racial & Gender,likert5_dist,% Strongly Agree,White people have certain advantages because of their race,29.03,6.85,40.08,32.29,0.86,56.4,9.43,16.06,22.52,76.8,80.99
CC24_440a,Racial & Gender,likert5_dist,% Agree,White people have certain advantages because of their race,22.83,15.33,39.13,28.24,3.15,32.34,12.14,25.74,33.42,20.9,17.28
CC24_440a,Racial & Gender,likert5_dist,% Neither,White people have certain advantages because of their race,18.04,26.64,13.42,24.58,16.73,7.43,22.3,23.84,23.55,1.75,1.16
CC24_440a,Racial & Gender,likert5_dist,% Disagree,White people have certain advantages because of their race,10.27,19.96,4.28,6.54,17.66,1.89,14.97,13.13,10.11,0.47,0.19
CC24_440a,Racial & Gender,likert5_dist,% Strongly Disagree,White people have certain advantages because of their race,19.83,31.22,3.1,8.34,61.59,1.94,41.16,21.22,10.4,0.08,0.39
CC24_440b,Racial & Gender,likert5,"Mean (1=Strongly Agree, 5=Strongly Disagree)","Racial problems in the U.S. are rare, isolated situations",3.4832,2.9101,4.0527,3.612,1.9846,4.3917,2.7983,3.1414,3.7822,4.7575,4.7779
CC24_440b,Racial & Gender,likert5_dist,% Strongly Agree,"Racial problems in the U.S. are rare, isolated situations",9.59,12.13,1.69,6.26,37.33,0.14,17.72,10.07,2.21,0.0,0.0
CC24_440b,Racial & Gender,likert5_dist,% Agree,"Racial problems in the U.S. are rare, isolated situations",17.26,28.98,7.11,12.49,37.28,1.89,27.56,24.28,12.45,0.04,0.0
CC24_440b,Racial & Gender,likert5_dist,% Neither,"Racial problems in the U.S. are rare, isolated situations",17.16,25.12,13.28,23.36,16.58,7.89,24.51,22.94,16.1,0.89,0.07
CC24_440b,Racial & Gender,likert5_dist,% Disagree,"Racial problems in the U.S. are rare, isolated situations",27.21,23.28,40.09,29.57,7.23,38.83,17.6,26.84,43.39,22.36,22.07
CC24_440b,Racial & Gender,likert5_dist,% Strongly Disagree,"Racial problems in the U.S. are rare, isolated situations",28.78,10.48,37.83,28.32,1.58,51.26,12.62,15.86,25.85,76.71,77.86
CC24_440c,Racial & Gender,likert5,"Mean (1=Strongly Agree, 5=Strongly Disagree)",Women seek to gain power by getting control over men,3.5378,3.0973,3.918,3.326,2.6119,4.4205,2.8228,3.2341,3.7537,4.7164,4.8369
CC24_440c,Racial & Gender,likert5_dist,% Strongly Agree,Women seek to gain power by getting control over men,7.14,8.44,2.19,7.74,18.68,0.76,14.85,9.59,3.18,0.07,0.0
CC24_440c,Racial & Gender,likert5_dist,% Agree,Women seek to gain power by getting control over men,15.54,22.43,8.93,16.76,30.24,2.69,26.22,19.62,10.25,0.36,0.04
CC24_440c,Racial & Gender,likert5_dist,% Neither,Women seek to gain power by getting control over men,26.67,34.84,25.2,34.32,31.43,13.23,33.23,29.78,28.78,6.82,2.72
CC24_440c,Racial & Gender,likert5_dist,% Disagree,Women seek to gain power by getting control over men,17.71,19.53,22.25,17.54,10.51,20.37,13.17,19.83,23.6,13.36,10.76
CC24_440c,Racial & Gender,likert5_dist,% Strongly Disagree,Women seek to gain power by getting control over men,32.94,14.76,41.43,23.64,9.14,62.94,12.52,21.18,34.19,79.39,86.48
CC24_440d,Racial & Gender,likert5,"Mean (1=Strongly Agree, 5=Strongly Disagree)",Women are too easily offended,3.2044,2.5764,3.7287,3.1194,2.0821,4.1691,2.4685,2.8954,3.272,4.5808,4.6985
CC24_440d,Racial & Gender,likert5_dist,% Strongly Agree,Women are too easily offended,12.16,17.09,3.43,10.4,33.5,1.56,22.69,14.7,6.0,0.28,0.08
CC24_440d,Racial & Gender,likert5_dist,% Agree,Women are too easily offended,22.7,34.93,14.04,22.34,35.69,7.62,32.76,28.29,23.3,3.51,0.77
CC24_440d,Racial & Gender,likert5_dist,% Neither,Women are too easily offended,23.45,27.89,23.74,31.05,22.8,15.79,27.48,25.0,28.87,7.46,6.66
CC24_440d,Racial & Gender,likert5_dist,% Disagree,Women are too easily offended,15.93,13.42,23.82,17.34,5.12,22.43,9.15,16.79,21.14,15.34,14.21
CC24_440d,Racial & Gender,likert5_dist,% Strongly Disagree,Women are too easily offended,25.76,6.67,34.97,18.87,2.89,52.61,7.92,15.22,20.68,73.4,78.28
CC24_441a,Racial & Gender,likert5,"Mean (1=Strongly Agree, 5=Strongly Disagree)",Minorities should work their way up without special favors,2.7418,1.8511,3.4333,2.8818,1.4892,3.8451,1.9589,2.2248,2.4367,4.4872,4.6341
CC24_441a,Racial & Gender,likert5_dist,% Strongly Agree,Minorities should work their way up without special favors,27.84,45.52,7.78,18.16,65.64,5.13,45.72,35.88,26.19,0.5,0.69
CC24_441a,Racial & Gender,likert5_dist,% Agree,Minorities should work their way up without special favors,20.7,31.17,15.63,20.46,21.94,10.36,25.41,27.98,31.29,2.93,1.56
CC24_441a,Racial & Gender,likert5_dist,% Neither,Minorities should work their way up without special favors,19.78,17.97,26.83,32.69,10.95,16.62,20.85,20.83,22.7,9.56,4.59
CC24_441a,Racial & Gender,likert5_dist,% Disagree,Minorities should work their way up without special favors,12.79,3.38,24.99,12.42,0.82,30.65,3.29,8.38,12.32,21.38,19.98
CC24_441a,Racial & Gender,likert5_dist,% Strongly Disagree,Minorities should work their way up without special favors,18.89,1.96,24.77,16.27,0.65,37.24,4.73,6.93,7.5,65.63,73.19
CC24_441b,Racial & Gender,likert5,"Mean (1=Strongly Agree, 5=Strongly Disagree)",Slavery/discrimination makes it hard for Blacks to rise,2.9061,3.8116,2.176,2.5874,4.4692,1.829,3.7137,3.1982,2.9616,1.3499,1.2508
CC24_441b,Racial & Gender,likert5_dist,% Strongly Agree,Slavery/discrimination makes it hard for Blacks to rise,24.54,4.68,33.08,24.54,0.82,47.43,7.47,14.11,13.62,72.59,78.77
CC24_441b,Racial & Gender,likert5_dist,% Agree,Slavery/discrimination makes it hard for Blacks to rise,21.68,12.69,36.06,25.76,3.42,35.24,12.38,22.93,30.67,22.56,18.88
CC24_441b,Racial & Gender,likert5_dist,% Neither,Slavery/discrimination makes it hard for Blacks to rise,15.46,17.7,16.43,26.75,9.14,7.86,21.33,17.3,18.66,3.15,1.23
CC24_441b,Racial & Gender,likert5_dist,% Disagree,Slavery/discrimination makes it hard for Blacks to rise,15.3,26.66,9.04,12.3,21.27,5.93,18.95,20.33,20.01,0.65,0.72
CC24_441b,Racial & Gender,likert5_dist,% Strongly Disagree,Slavery/discrimination makes it hard for Blacks to rise,23.02,38.27,5.39,10.65,65.36,3.54,39.87,25.32,17.03,1.05,0.39
CC24_441e,Racial & Gender,likert5,"Mean (1=Strongly Agree, 5=Strongly Disagree)",I resent when Whites deny racial discrimination exists,2.1841,2.7095,1.833,2.1083,4.0418,1.5169,2.9195,2.2492,1.9257,1.3608,1.2057
CC24_441e,Racial & Gender,likert5_dist,% Strongly Agree,I resent when Whites deny racial discrimination exists,41.59,22.35,48.78,39.0,1.74,66.82,19.79,37.89,43.4,76.92,83.66
CC24_441e,Racial & Gender,likert5_dist,% Agree,I resent when Whites deny racial discrimination exists,21.07,18.86,26.1,23.88,6.07,20.3,18.51,24.76,28.0,13.36,13.38
CC24_441e,Racial & Gender,likert5_dist,% Neither,I resent when Whites deny racial discrimination exists,23.23,36.35,20.14,28.11,28.19,9.82,31.05,22.04,22.94,7.7,2.05
CC24_441e,Racial & Gender,likert5_dist,% Disagree,I resent when Whites deny racial discrimination exists,5.57,10.35,2.98,5.32,14.28,0.47,11.27,5.18,3.95,0.74,0.58
CC24_441e,Racial & Gender,likert5_dist,% Strongly Disagree,I resent when Whites deny racial discrimination exists,8.54,12.08,2.0,3.69,49.72,2.58,19.38,10.13,1.71,1.27,0.34
CC24_441f,Racial & Gender,likert5,"Mean (1=Strongly Agree, 5=Strongly Disagree)",Whites get away with offenses that African Americans wouldn't,2.2467,2.9596,1.8294,2.0119,4.2954,1.5717,2.9934,2.4389,2.1264,1.2969,1.2437
CC24_441f,Racial & Gender,likert5_dist,% Strongly Agree,Whites get away with offenses that African Americans wouldn't,41.13,22.66,47.07,41.58,1.36,64.85,22.87,33.89,38.15,77.94,78.66
CC24_441f,Racial & Gender,likert5_dist,% Agree,Whites get away with offenses that African Americans wouldn't,23.28,16.64,31.63,27.66,8.2,22.05,16.5,26.39,28.23,16.36,18.8
CC24_441f,Racial & Gender,likert5_dist,% Neither,Whites get away with offenses that African Americans wouldn't,17.45,25.87,15.35,22.55,13.21,7.51,25.5,16.06,20.96,4.62,2.25
CC24_441f,Racial & Gender,likert5_dist,% Disagree,Whites get away with offenses that African Americans wouldn't,6.08,11.74,3.21,4.42,13.99,2.25,8.7,9.29,8.15,0.21,0.12
CC24_441f,Racial & Gender,likert5_dist,% Strongly Disagree,Whites get away with offenses that African Americans wouldn't,12.06,23.09,2.75,3.79,63.23,3.34,26.44,14.38,4.51,0.86,0.18
CC24_441g,Racial & Gender,likert5,"Mean (1=Strongly Agree, 5=Strongly Disagree)",Whites don't understand the problems African Americans face,2.4054,2.9019,2.1455,2.2023,3.9943,1.9435,3.0188,2.613,2.2756,1.567,1.5086
CC24_441g,Racial & Gender,likert5_dist,% Strongly Agree,Whites don't understand the problems African Americans face,30.07,16.56,31.32,33.23,1.57,42.64,18.11,24.17,26.84,61.48,58.98
CC24_441g,Racial & Gender,likert5_dist,% Agree,Whites don't understand the problems African Americans face,25.71,20.28,32.11,26.85,5.68,32.09,15.91,28.07,31.46,23.66,33.25
CC24_441g,Racial & Gender,likert5_dist,% Neither,Whites don't understand the problems African Americans face,27.04,34.56,29.65,30.13,29.02,16.72,33.59,22.86,31.25,12.7,6.17
CC24_441g,Racial & Gender,likert5_dist,% Disagree,Whites don't understand the problems African Americans face,7.99,13.63,4.52,6.02,19.23,5.37,10.78,12.08,8.21,1.0,1.14
CC24_441g,Racial & Gender,likert5_dist,% Strongly Disagree,Whites don't understand the problems African Americans face,9.19,14.97,2.4,3.76,44.51,3.18,21.61,12.81,2.25,1.16,0.46
CC24_445a,Racial & Gender,binary_agree,% Agreeing,SCOTUS: Race in admissions violates Equal Protection (Agree/Disagree),67.4348,84.8388,55.6298,71.2793,91.0881,41.635,83.6675,79.6506,76.3065,30.5111,15.0246
CC24_445b,Racial & Gender,binary_agree,% Agreeing,SCOTUS: Constitution doesn't protect abortion; Roe overruled (Agree/Disagree),53.2276,79.4661,31.314,51.2356,94.9028,17.128,76.8646,64.6591,48.7106,10.3602,4.9538
CC24_421_1,Elections & Trust,likert5,"Mean (1=Strongly Agree, 5=Strongly Disagree)",Elections in the U.S. are fair,2.3653,2.3808,2.3782,3.0445,2.8104,1.4053,3.0863,1.4932,1.6007,3.2445,1.6584
CC24_421_1,Elections & Trust,likert5_dist,% Strongly Agree,Elections in the U.S. are fair,25.05,13.55,18.87,9.13,7.84,67.53,5.47,58.5,50.63,4.03,49.95
CC24_421_1,Elections & Trust,likert5_dist,% Agree,Elections in the U.S. are fair,37.79,50.43,42.96,26.39,40.1,27.02,30.9,35.31,41.59,28.73,40.83
CC24_421_1,Elections & Trust,likert5_dist,% Neither,Elections in the U.S. are fair,18.62,22.27,22.97,31.12,22.89,3.2,27.32,4.69,5.42,21.27,4.53
CC24_421_1,Elections & Trust,likert5_dist,% Disagree,Elections in the U.S. are fair,12.63,11.87,11.89,17.58,21.53,1.88,22.14,1.37,1.78,30.73,2.82
CC24_421_1,Elections & Trust,likert5_dist,% Strongly Disagree,Elections in the U.S. are fair,5.9,1.88,3.32,15.76,7.65,0.36,14.16,0.13,0.57,15.25,1.88
CC24_421_2,Elections & Trust,likert5,"Mean (1=Strongly Agree, 5=Strongly Disagree)",2024 state/local election was fair,1.9098,1.8351,1.8687,2.8158,2.3298,1.0048,2.8203,1.0312,1.2437,2.4948,1.0109
CC24_421_2,Elections & Trust,likert5_dist,% Strongly Agree,2024 state/local election was fair,45.45,36.38,32.8,11.83,29.57,99.52,12.23,96.88,75.63,11.87,98.91
CC24_421_2,Elections & Trust,likert5_dist,% Agree,2024 state/local election was fair,29.21,44.67,47.65,27.22,33.17,0.48,29.78,3.12,24.37,45.9,1.09
CC24_421_2,Elections & Trust,likert5_dist,% Neither,2024 state/local election was fair,17.39,18.03,19.45,38.72,18.59,0.0,32.34,0.0,0.0,27.73,0.0
CC24_421_2,Elections & Trust,likert5_dist,% Disagree,2024 state/local election was fair,4.8,0.9,0.1,12.03,12.05,0.0,15.05,0.0,0.0,9.9,0.0
CC24_421_2,Elections & Trust,likert5_dist,% Strongly Disagree,2024 state/local election was fair,3.15,0.02,0.0,10.21,6.62,0.0,10.6,0.0,0.0,4.61,0.0
CC24_423,Elections & Trust,trust,Weighted mean,Trust in federal government (1=Great deal … 4=None at all),2.7066,2.7572,2.5967,2.7274,3.1769,2.4015,3.0608,2.1954,2.3972,3.0138,2.6714
CC24_423,Elections & Trust,trust_dist,% Great deal,Trust in federal government (1=Great deal … 4=None at all),6.11,3.15,6.19,5.5,0.58,10.8,3.06,21.09,8.36,1.03,4.29
CC24_423,Elections & Trust,trust_dist,% Fair amount,Trust in federal government (1=Great deal … 4=None at all),31.94,30.1,37.91,33.19,11.9,45.55,16.52,44.12,48.31,18.12,35.92
CC24_423,Elections & Trust,trust_dist,% Not very much,Trust in federal government (1=Great deal … 4=None at all),47.11,54.62,45.92,44.39,56.76,36.34,51.7,28.95,38.56,59.29,48.16
CC24_423,Elections & Trust,trust_dist,% None at all,Trust in federal government (1=Great deal … 4=None at all),14.83,12.13,9.97,16.92,30.76,7.31,28.72,5.84,4.76,21.56,11.63
CC24_424,Elections & Trust,trust,Weighted mean,Trust in state government (1=Great deal … 4=None at all),2.4493,2.4074,2.3903,2.6656,2.7697,2.1221,2.8783,2.0054,2.122,2.8161,2.2008
CC24_424,Elections & Trust,trust_dist,% Great deal,Trust in state government (1=Great deal … 4=None at all),12.9,12.6,11.54,7.0,7.8,21.39,4.1,28.99,18.1,4.76,17.82
CC24_424,Elections & Trust,trust_dist,% Fair amount,Trust in state government (1=Great deal … 4=None at all),42.36,44.0,46.49,37.28,33.69,50.79,30.64,45.67,54.52,31.34,50.97
CC24_424,Elections & Trust,trust_dist,% Not very much,Trust in state government (1=Great deal … 4=None at all),31.65,33.45,33.37,37.87,32.25,22.05,38.59,21.17,24.46,41.42,24.53
CC24_424,Elections & Trust,trust_dist,% None at all,Trust in state government (1=Great deal … 4=None at all),13.09,9.94,8.6,17.85,26.26,5.78,26.67,4.18,2.92,22.47,6.68
CC24_312a,Approval,approval4,Weighted mean,Job approval — President Biden,2.8887,3.674,2.1854,2.7118,3.9723,1.7032,3.7169,3.0209,2.4678,2.3321,1.8576
CC24_312a,Approval,approval4_dist,% Strongly approve,Job approval — President Biden,16.69,3.0,26.59,17.08,0.08,45.84,2.43,14.15,25.31,17.8,35.4
CC24_312a,Approval,approval4_dist,% Somewhat approve,Job approval — President Biden,24.53,7.53,42.12,28.34,0.19,42.1,6.23,19.64,33.22,47.5,48.85
CC24_312a,Approval,approval4_dist,% Somewhat disapprove,Job approval — President Biden,11.99,8.55,17.44,20.89,2.14,7.96,8.55,16.19,10.85,18.4,10.32
CC24_312a,Approval,approval4_dist,% Strongly disapprove,Job approval — President Biden,46.78,80.92,13.85,33.68,97.59,4.1,82.78,50.02,30.62,16.31,5.43
CC24_312b,Approval,approval4,Weighted mean,Job approval — U.S. Congress,3.076,3.0242,3.061,2.9039,3.2271,3.1679,3.2644,2.786,2.8941,3.2994,3.2843
CC24_312b,Approval,approval4_dist,% Strongly approve,Job approval — U.S. Congress,2.54,1.85,2.24,4.89,0.52,1.95,1.66,7.35,4.28,0.4,0.38
CC24_312b,Approval,approval4_dist,% Somewhat approve,Job approval — U.S. Congress,20.68,20.77,22.04,28.63,15.14,19.01,13.79,30.94,26.89,12.62,12.41
CC24_312b,Approval,approval4_dist,% Somewhat disapprove,Job approval — U.S. Congress,43.42,50.49,43.07,37.67,45.45,39.33,41.0,37.48,43.97,43.61,45.62
CC24_312b,Approval,approval4_dist,% Strongly disapprove,Job approval — U.S. Congress,33.36,26.89,32.64,28.8,38.89,39.71,43.55,24.23,24.86,43.37,41.59
CC24_312c,Approval,approval4,Weighted mean,Job approval — U.S. Supreme Court,2.8519,2.214,3.3809,2.9346,1.9229,3.6724,2.519,2.4258,2.9531,3.7648,3.8393
CC24_312c,Approval,approval4_dist,% Strongly approve,Job approval — U.S. Supreme Court,11.79,21.92,2.47,6.85,28.44,1.2,12.73,19.31,9.36,0.34,0.09
CC24_312c,Approval,approval4_dist,% Somewhat approve,Job approval — U.S. Supreme Court,30.14,47.65,15.38,29.08,56.18,5.06,45.41,39.08,25.73,4.1,2.77
CC24_312c,Approval,approval4_dist,% Somewhat disapprove,Job approval — U.S. Supreme Court,19.16,17.54,23.75,27.83,10.04,19.04,19.1,21.33,25.15,14.28,10.27
CC24_312c,Approval,approval4_dist,% Strongly disapprove,Job approval — U.S. Supreme Court,38.91,12.89,58.4,36.24,5.34,74.7,22.77,20.28,39.76,81.27,86.87
pew_churatd,Religion,ordinal,Weighted mean,Church attendance (1=More than once/week … 6=Never),4.3047,3.8983,4.8238,3.9597,3.8532,4.8051,4.1155,3.7676,4.3379,5.2493,5.166
pew_churatd,Religion,ordinal_dist,% More than once/week,Church attendance (1=More than once/week … 6=Never),6.93,9.68,2.3,10.57,11.64,2.87,7.99,10.82,4.94,0.79,0.87
pew_churatd,Religion,ordinal_dist,% Once/week,Church attendance (1=More than once/week … 6=Never),16.81,21.32,9.45,20.57,22.47,11.07,19.62,24.28,17.57,5.72,6.59
pew_churatd,Religion,ordinal_dist,% 1–2x/month,Church attendance (1=More than once/week … 6=Never),6.59,8.21,5.53,7.41,6.1,5.64,6.91,8.66,7.11,3.13,3.91
pew_churatd,Religion,ordinal_dist,% Few times/year,Church attendance (1=More than once/week … 6=Never),13.26,15.41,13.21,13.8,14.18,11.04,13.52,14.14,13.22,8.65,10.22
pew_churatd,Religion,ordinal_dist,% Seldom,Church attendance (1=More than once/week … 6=Never),21.34,21.04,25.3,19.08,19.92,21.87,22.2,17.78,23.44,21.56,20.55
pew_churatd,Religion,ordinal_dist,% Never,Church attendance (1=More than once/week … 6=Never),35.06,24.34,44.2,28.57,25.68,47.51,29.75,24.32,33.71,60.15,57.87
pew_religimp,Religion,ordinal,Weighted mean,Importance of religion (1=Very important … 4=Not at all important),2.2895,1.8674,2.6814,2.0918,1.8132,2.7807,2.0313,1.9027,2.1934,3.2743,3.2704
pew_religimp,Religion,ordinal_dist,% Very important,Importance of religion (1=Very important … 4=Not at all important),36.11,48.48,19.72,42.43,53.48,20.59,43.65,49.94,36.93,9.77,10.23
pew_religimp,Religion,ordinal_dist,% Somewhat important,Importance of religion (1=Very important … 4=Not at all important),23.67,27.37,25.8,25.18,23.18,20.7,26.05,22.8,26.69,12.29,14.27
pew_religimp,Religion,ordinal_dist,% Not too important,Importance of religion (1=Very important … 4=Not at all important),15.38,13.08,21.12,13.17,11.88,18.76,13.82,14.31,16.48,18.67,13.71
pew_religimp,Religion,ordinal_dist,% Not at all important,Importance of religion (1=Very important … 4=Not at all important),24.84,11.07,33.37,19.22,11.46,39.95,16.48,12.95,19.9,59.27,61.78
pew_bornagain,Religion,binary,% Supporting,Born-again or evangelical Christian,31.2824,42.5602,19.1665,37.7053,47.6868,14.1411,39.8736,43.0441,29.7182,7.2874,4.2843
ideo5,Demographics,ordinal,Weighted mean,Ideological self-identification (1=Very Liberal … 5=Very Conservative),3.0532,3.8076,2.4795,2.9469,4.2101,2.1897,3.7281,3.3999,2.996,1.5715,1.6147
ideo5,Demographics,ordinal_dist,% Very Liberal,Ideological self-identification (1=Very Liberal … 5=Very Conservative),12.68,1.19,14.0,7.75,0.47,21.77,2.89,4.27,5.15,57.11,51.44
ideo5,Demographics,ordinal_dist,% Liberal,Ideological self-identification (1=Very Liberal … 5=Very Conservative),17.76,3.13,34.17,18.1,0.52,41.02,3.55,9.4,20.65,30.06,35.97
ideo5,Demographics,ordinal_dist,% Moderate,Ideological self-identification (1=Very Liberal … 5=Very Conservative),34.4,32.22,43.41,51.41,18.38,34.22,35.05,41.62,50.06,11.78,12.35
ideo5,Demographics,ordinal_dist,% Conservative,Ideological self-identification (1=Very Liberal … 5=Very Conservative),21.89,40.64,6.71,17.17,38.82,2.44,34.9,31.49,17.71,0.68,0.17
ideo5,Demographics,ordinal_dist,% Very Conservative,Ideological self-identification (1=Very Liberal … 5=Very Conservative),13.27,22.82,1.7,5.56,41.82,0.55,23.62,13.23,6.43,0.38,0.07
CC24_330a,Demographics,ordinal,Weighted mean,Ideology self-placement 7-pt (1=Very Liberal … 7=Very Conservative),4.1069,5.3683,3.1107,3.8995,6.0216,2.619,5.2187,4.6484,3.9842,1.7912,1.8149
CC24_330a,Demographics,ordinal_dist,% Very Liberal,Ideology self-placement 7-pt (1=Very Liberal … 7=Very Conservative),11.37,1.34,12.02,7.25,0.09,19.88,2.13,4.53,4.23,51.6,46.84
CC24_330a,Demographics,ordinal_dist,% Liberal,Ideology self-placement 7-pt (1=Very Liberal … 7=Very Conservative),13.83,1.76,25.7,12.61,0.41,32.28,2.48,6.69,14.67,28.05,33.38
CC24_330a,Demographics,ordinal_dist,% Somewhat Liberal,Ideology self-placement 7-pt (1=Very Liberal … 7=Very Conservative),9.49,2.83,18.72,11.68,0.28,21.18,3.2,7.06,11.96,10.6,11.85
CC24_330a,Demographics,ordinal_dist,% Moderate,Ideology self-placement 7-pt (1=Very Liberal … 7=Very Conservative),25.52,23.33,32.97,41.28,10.58,22.15,26.82,30.67,40.86,9.32,7.48
CC24_330a,Demographics,ordinal_dist,% Somewhat Conservative,Ideology self-placement 7-pt (1=Very Liberal … 7=Very Conservative),10.06,15.62,5.52,11.13,13.08,2.44,16.61,14.91,10.32,0.22,0.31
CC24_330a,Demographics,ordinal_dist,% Conservative,Ideology self-placement 7-pt (1=Very Liberal … 7=Very Conservative),17.31,33.79,3.44,10.69,36.2,1.38,26.45,24.47,11.83,0.21,0.09
CC24_330a,Demographics,ordinal_dist,% Very Conservative,Ideology self-placement 7-pt (1=Very Liberal … 7=Very Conservative),12.42,21.33,1.62,5.36,39.35,0.69,22.31,11.67,6.14,0.0,0.05
pid3,Demographics,categorical_dist,% Democrat,Party identification (3-point),34.18,10.32,54.02,35.88,1.18,68.92,9.67,25.34,44.73,61.79,74.47
pid3,Demographics,categorical_dist,% Republican,Party identification (3-point),29.97,58.32,6.98,17.04,59.66,3.63,45.82,43.8,26.34,0.02,0.16
pid3,Demographics,categorical_dist,% Independent,Party identification (3-point),27.28,25.11,29.84,29.35,30.61,24.11,32.7,26.88,25.43,24.82,19.74
pid3,Demographics,categorical_dist,% Other,Party identification (3-point),4.02,3.46,2.32,4.69,7.19,2.08,5.88,1.59,1.72,7.8,5.55
pid3,Demographics,categorical_dist,% Not sure,Party identification (3-point),4.55,2.79,6.85,13.03,1.36,1.26,5.93,2.39,1.78,5.58,0.07
gender4,Demographics,categorical_dist,% Man,Gender,48.62,48.95,44.62,39.27,63.64,51.95,51.21,54.4,46.29,32.81,53.05
gender4,Demographics,categorical_dist,% Woman,Gender,50.7,50.85,54.82,60.37,36.1,47.8,48.69,45.48,53.68,61.35,45.13
gender4,Demographics,categorical_dist,% Non-binary,Gender,0.56,0.08,0.54,0.36,0.0,0.19,0.06,0.03,0.02,5.62,1.18
gender4,Demographics,categorical_dist,% Other,Gender,0.12,0.12,0.01,0.0,0.25,0.06,0.04,0.09,0.01,0.21,0.64
race,Demographics,categorical_dist,% White,Race/ethnicity,67.25,78.39,56.7,43.36,81.17,69.36,70.24,66.18,69.81,65.87,76.31
race,Demographics,categorical_dist,% Black,Race/ethnicity,11.64,5.96,16.39,27.29,1.12,12.02,9.48,11.87,12.53,10.48,5.65
race,Demographics,categorical_dist,% Hispanic,Race/ethnicity,9.61,6.69,13.07,15.12,5.31,9.22,8.26,9.72,9.2,10.33,8.45
race,Demographics,categorical_dist,% Asian,Race/ethnicity,4.27,4.05,6.23,5.14,1.87,4.54,2.79,4.37,5.35,4.22,3.04
race,Demographics,categorical_dist,% Native American,Race/ethnicity,1.15,1.05,0.72,1.65,2.22,0.54,1.71,1.42,0.46,1.04,0.1
race,Demographics,categorical_dist,% Multiracial,Race/ethnicity,3.99,2.3,5.21,5.41,4.12,2.85,3.91,4.0,1.79,6.64,4.97
race,Demographics,categorical_dist,% Other,Race/ethnicity,1.73,1.39,1.36,1.51,4.06,1.18,3.18,1.86,0.68,0.67,0.95
race,Demographics,categorical_dist,% Middle Eastern,Race/ethnicity,0.35,0.15,0.31,0.52,0.15,0.29,0.43,0.58,0.17,0.75,0.52
educ,Demographics,categorical_dist,% No HS,Education level,6.31,7.16,5.64,11.15,5.14,2.35,7.08,7.2,7.33,4.51,1.1
educ,Demographics,categorical_dist,% HS grad,Education level,29.15,34.29,25.93,34.98,25.25,20.7,34.32,36.29,34.25,20.79,11.54
educ,Demographics,categorical_dist,% Some college,Education level,19.87,17.9,22.35,20.26,20.04,18.35,22.44,17.61,17.03,24.03,19.68
educ,Demographics,categorical_dist,% 2-year degree,Education level,10.1,10.31,10.93,10.63,10.27,10.11,10.39,9.9,10.44,7.96,7.48
educ,Demographics,categorical_dist,% 4-year degree,Education level,21.46,19.68,21.27,15.43,26.01,26.94,17.48,18.49,19.06,27.15,31.9
educ,Demographics,categorical_dist,% Post-grad,Education level,13.12,10.67,13.87,7.54,13.29,21.54,8.3,10.51,11.89,15.55,28.29
urbancity,Demographics,categorical_dist,% City,Type of area (1=City … 4=Rural),26.82,20.47,30.68,36.28,15.88,29.7,23.05,27.24,28.35,30.0,32.58
urbancity,Demographics,categorical_dist,% Suburb,Type of area (1=City … 4=Rural),39.93,41.11,41.71,33.11,41.11,42.24,34.56,37.7,41.41,46.91,43.57
urbancity,Demographics,categorical_dist,% Town,Type of area (1=City … 4=Rural),12.55,12.43,12.63,11.34,12.89,13.17,14.71,13.12,12.01,11.37,11.38
urbancity,Demographics,categorical_dist,% Rural area,Type of area (1=City … 4=Rural),20.18,25.64,13.97,18.51,29.66,14.56,27.18,21.44,18.04,11.32,12.1
urbancity,Demographics,categorical_dist,% Other,Type of area (1=City … 4=Rural),0.52,0.36,1.0,0.76,0.46,0.33,0.5,0.5,0.2,0.4,0.37
region,Demographics,categorical_dist,% Northeast,Region,16.92,15.61,18.26,12.55,13.91,22.05,15.9,14.25,20.61,18.05,24.99
region,Demographics,categorical_dist,% Midwest,Region,20.85,22.64,18.96,17.41,22.5,20.73,21.93,22.31,20.7,21.01,20.46
region,Demographics,categorical_dist,% South,Region,38.92,42.86,36.83,46.73,39.05,29.32,37.98,44.17,38.21,37.83,24.32
region,Demographics,categorical_dist,% West,Region,23.31,18.89,25.96,23.31,24.55,27.9,24.19,19.26,20.48,23.11,30.23
age,Demographics,continuous,Median,"Age (years, derived from birth year)",50.0,59.0,43.0,38.0,60.0,55.0,46.0,51.0,62.0,33.0,41.0
age,Demographics,continuous,Q25,"Age (years, derived from birth year)",34.0,43.0,29.0,27.0,44.0,39.0,34.0,33.0,51.0,25.0,29.0
age,Demographics,continuous,Q75,"Age (years, derived from birth year)",64.0,68.0,60.0,53.0,67.0,67.0,60.0,64.0,70.0,43.0,58.0
faminc_new,Demographics,ordinal,Weighted mean,Family income,6.82,6.902,6.7074,5.4489,7.7629,7.6663,6.4086,6.5223,6.7859,6.654,8.1686
faminc_new,Demographics,ordinal_dist,% <$10k,Family income,6.25,3.81,6.4,15.33,2.48,2.98,8.93,5.69,2.43,9.0,4.16
faminc_new,Demographics,ordinal_dist,% $10k–20k,Family income,7.11,6.69,7.87,9.58,4.84,4.86,6.69,8.35,8.5,9.21,3.68
faminc_new,Demographics,ordinal_dist,% $20k–30k,Family income,10.25,10.25,12.25,13.41,7.77,7.82,10.15,11.65,9.76,8.67,6.63
faminc_new,Demographics,ordinal_dist,% $30k–40k,Family income,9.19,9.79,8.47,9.74,8.56,8.34,9.1,10.5,10.63,9.81,5.87
faminc_new,Demographics,ordinal_dist,% $40k–50k,Family income,7.97,8.73,8.25,7.54,7.01,8.49,7.8,7.07,10.68,6.81,6.22
faminc_new,Demographics,ordinal_dist,% $50k–60k,Family income,8.89,9.23,8.08,10.34,7.83,7.86,10.44,10.08,9.05,7.81,6.78
faminc_new,Demographics,ordinal_dist,% $60k–70k,Family income,6.76,7.59,6.83,5.68,6.65,7.01,7.54,6.55,7.04,5.54,6.0
faminc_new,Demographics,ordinal_dist,% $70k–80k,Family income,7.26,7.62,7.26,5.6,7.14,8.16,6.67,8.0,7.84,6.46,8.42
faminc_new,Demographics,ordinal_dist,% $80k–100k,Family income,9.26,10.56,8.12,5.95,11.48,9.8,9.77,9.27,10.15,7.48,10.29
faminc_new,Demographics,ordinal_dist,% $100k–120k,Family income,7.59,7.13,7.05,5.55,10.07,8.5,8.53,6.08,6.43,8.84,10.14
faminc_new,Demographics,ordinal_dist,% $120k–150k,Family income,8.01,8.53,7.18,4.47,11.16,9.71,7.2,6.66,7.03,8.31,12.1
faminc_new,Demographics,ordinal_dist,% $150k–200k,Family income,5.79,5.41,5.44,3.23,8.02,7.87,4.25,5.54,5.07,6.12,9.72
faminc_new,Demographics,ordinal_dist,% $200k–250k,Family income,2.64,2.24,2.91,1.76,3.18,3.79,1.41,1.94,2.79,3.33,4.6
faminc_new,Demographics,ordinal_dist,% $250k–350k,Family income,1.75,1.23,2.2,0.75,1.54,3.28,0.71,1.77,1.77,1.72,4.03
faminc_new,Demographics,ordinal_dist,% $350k–500k,Family income,0.8,0.71,1.24,0.61,1.37,0.87,0.61,0.32,0.52,0.67,0.9
faminc_new,Demographics,ordinal_dist,% $500k+,Family income,0.49,0.51,0.46,0.47,0.91,0.64,0.2,0.52,0.31,0.2,0.46
marstat,Demographics,categorical_dist,% Married,Marital status,46.62,56.21,37.5,34.18,63.14,49.07,45.49,47.47,52.85,28.97,43.93
marstat,Demographics,categorical_dist,% Separated,Marital status,1.8,1.62,1.95,2.59,1.32,0.96,2.97,1.45,2.28,1.41,1.08
marstat,Demographics,categorical_dist,% Divorced,Marital status,10.17,11.2,9.5,8.94,9.81,11.74,11.14,11.38,12.82,6.71,6.42
marstat,Demographics,categorical_dist,% Widowed,Marital status,5.39,7.84,4.13,4.04,5.58,5.39,4.97,5.75,8.86,1.94,2.77
marstat,Demographics,categorical_dist,% Never married,Marital status,30.45,19.45,39.14,42.32,16.92,28.22,29.12,29.08,18.24,53.03,40.82
marstat,Demographics,categorical_dist,% Domestic/civil partnership,Marital status,5.57,3.68,7.78,7.92,3.23,4.62,6.31,4.86,4.96,7.94,4.99
child18,Demographics,binary,% Supporting,Children under 18 in household,21.8211,19.4741,23.0216,29.7865,18.7309,17.7389,29.0282,22.3617,15.017,19.5257,18.8446
numchildren,Demographics,continuous,Median,Number of children,1.0,2.0,1.0,1.0,2.0,1.0,1.0,1.0,2.0,0.0,0.0
numchildren,Demographics,continuous,Q25,Number of children,0.0,0.0,0.0,0.0,0.0,0.0,0.0,0.0,0.0,0.0,0.0
numchildren,Demographics,continuous,Q75,Number of children,2.0,3.0,2.0,2.0,3.0,2.0,2.0,2.0,2.0,1.0,2.0
ownhome,Demographics,categorical_dist,% Own,Home ownership,67.25,76.48,59.37,52.04,83.92,70.95,65.49,67.83,75.76,50.19,64.72
ownhome,Demographics,categorical_dist,% Rent,Home ownership,29.44,21.42,35.31,43.79,13.92,26.89,30.75,30.0,23.04,43.78,30.44
ownhome,Demographics,categorical_dist,% Other,Home ownership,3.31,2.1,5.32,4.17,2.16,2.16,3.76,2.18,1.2,6.03,4.84
immstat,Demographics,categorical_dist,"% Immigrant, naturalized",Immigration background,5.63,5.09,6.18,7.81,3.2,5.15,4.07,8.73,6.81,4.79,3.73
immstat,Demographics,categorical_dist,"% Immigrant, not citizen",Immigration background,2.25,0.88,3.38,4.63,0.53,2.26,1.88,1.84,2.14,3.59,1.72
immstat,Demographics,categorical_dist,"% US-born, parent immigrant",Immigration background,10.73,8.13,14.04,13.44,7.72,10.61,9.57,10.99,8.25,14.73,10.75
immstat,Demographics,categorical_dist,"% US-born, grandparent immigrant",Immigration background,17.86,20.42,15.43,10.84,23.59,22.23,15.09,14.65,23.84,13.24,21.23
immstat,Demographics,categorical_dist,% 3+ gen US-born,Immigration background,63.53,65.48,60.97,63.28,64.97,59.74,69.4,63.8,58.96,63.64,62.57
sexuality,Demographics,categorical_dist,% Heterosexual/straight,Sexual orientation,87.04,95.42,82.48,85.51,95.4,84.42,90.88,93.78,93.25,58.23,70.34
sexuality,Demographics,categorical_dist,% Lesbian/gay woman,Sexual orientation,1.21,0.39,1.72,1.39,0.04,2.05,0.54,0.37,1.06,3.42,3.17
sexuality,Demographics,categorical_dist,% Gay man,Sexual orientation,2.8,0.91,4.62,1.9,1.05,5.98,1.04,1.7,3.27,4.43,6.66
sexuality,Demographics,categorical_dist,% Bisexual,Sexual orientation,5.65,1.62,7.13,6.42,2.03,4.92,4.32,2.39,1.25,23.45,14.47
sexuality,Demographics,categorical_dist,% Other,Sexual orientation,1.52,0.51,1.15,1.98,0.15,1.35,1.18,1.07,0.46,7.29,3.77
sexuality,Demographics,categorical_dist,% Prefer not to say,Sexual orientation,1.79,1.16,2.89,2.79,1.33,1.29,2.04,0.68,0.71,3.17,1.58
employ,Employment & Labor,categorical_dist,% Full-time,Employment status,38.26,34.54,37.9,37.17,41.93,38.15,38.52,37.94,33.99,40.7,50.32
employ,Employment & Labor,categorical_dist,% Part-time,Employment status,10.8,9.83,11.62,13.18,7.81,9.72,11.95,12.49,9.12,12.72,9.13
employ,Employment & Labor,categorical_dist,% Temporarily laid off,Employment status,0.82,0.39,1.38,1.7,0.4,0.52,0.67,1.12,0.14,0.34,1.13
employ,Employment & Labor,categorical_dist,% Unemployed,Employment status,8.1,5.65,8.92,14.2,5.59,5.79,7.98,7.89,3.38,15.07,7.4
employ,Employment & Labor,categorical_dist,% Retired,Employment status,22.79,32.21,17.28,11.38,28.85,29.81,17.75,23.85,39.84,5.72,13.35
employ,Employment & Labor,categorical_dist,% Permanently disabled,Employment status,6.28,6.99,6.31,6.58,5.42,5.12,8.49,6.05,6.81,5.39,3.8
employ,Employment & Labor,categorical_dist,% Homemaker,Employment status,6.22,7.04,6.3,6.91,6.21,4.56,9.05,5.8,3.75,6.06,3.53
employ,Employment & Labor,categorical_dist,% Student,Employment status,4.58,1.81,7.49,6.23,2.01,4.54,2.97,3.32,1.21,11.26,8.83
employ,Employment & Labor,categorical_dist,% Other,Employment status,2.14,1.55,2.81,2.67,1.78,1.79,2.61,1.54,1.75,2.74,2.5
union,Employment & Labor,categorical_dist,% Current member,Labor union membership,5.75,4.1,6.41,4.39,5.51,8.03,4.58,5.4,6.69,7.14,9.27
union,Employment & Labor,categorical_dist,% Former member,Labor union membership,16.02,16.9,15.76,9.13,22.22,21.62,14.3,12.79,19.1,11.25,18.3
union,Employment & Labor,categorical_dist,% Never member,Labor union membership,78.23,79.0,77.83,86.48,72.28,70.35,81.12,81.81,74.22,81.61,72.43
unionhh,Employment & Labor,categorical_dist,% Currently member,Household union membership,6.42,4.99,8.18,5.44,4.94,7.39,8.37,5.37,6.06,6.12,9.14
unionhh,Employment & Labor,categorical_dist,% Formerly member,Household union membership,10.65,11.32,9.46,5.77,13.82,15.31,8.28,10.06,12.41,9.28,13.13
unionhh,Employment & Labor,categorical_dist,% Never member,Household union membership,75.05,78.44,72.73,73.4,78.25,71.12,74.73,78.09,76.93,71.99,70.83
unionhh,Employment & Labor,categorical_dist,% Not sure,Household union membership,7.89,5.25,9.63,15.38,2.98,6.19,8.61,6.48,4.6,12.62,6.9
hadjob,Employment & Labor,binary,% Supporting,Had a job in the past 5 years (% Yes),44.9808,40.4569,46.7077,53.1052,40.4042,41.8414,43.6933,39.7047,39.5172,60.5504,56.8773
gigwork,Employment & Labor,binary,% Supporting,Gig / freelance work (% Yes),17.4966,13.524,19.9345,27.1204,9.5747,12.0277,20.7645,21.591,11.3333,24.3313,14.4008
investor,Employment & Labor,binary,% Supporting,Owns stocks or mutual funds (% Yes),43.1723,45.0794,40.0528,27.9123,53.3791,56.3547,36.5457,40.5127,46.0139,35.9215,58.1696
milstat_1,Demographics,binary,% Supporting,Currently serving in military (% Yes),0.5149,0.081,0.3496,1.1736,0.5782,0.1807,1.1428,1.1244,0.1331,0.1263,0.2937
milstat_3,Demographics,binary,% Supporting,Previously served in military (% Yes),9.4919,13.5638,6.6521,5.5362,18.0805,7.9847,9.5049,8.7491,11.9233,3.0464,4.2875
presvote20post,Voting History,categorical_dist,% Biden,2020 Presidential vote,40.12,11.86,61.77,37.88,1.7,85.4,9.75,33.2,56.57,70.51,88.66
presvote20post,Voting History,categorical_dist,% Trump,2020 Presidential vote,35.84,69.38,6.73,16.33,89.37,2.8,58.22,41.87,27.29,0.42,0.4
presvote20post,Voting History,categorical_dist,% Jorgensen,2020 Presidential vote,0.89,1.2,1.15,1.15,0.72,0.4,1.03,1.07,0.53,0.3,0.17
presvote20post,Voting History,categorical_dist,% Hawkins,2020 Presidential vote,0.26,0.09,0.42,0.16,0.02,0.22,0.13,0.01,0.09,0.71,1.35
presvote20post,Voting History,categorical_dist,% Other,2020 Presidential vote,0.48,0.42,0.37,0.44,0.4,0.27,0.55,0.76,0.58,0.55,0.84
presvote20post,Voting History,categorical_dist,% Did not vote,2020 Presidential vote,22.42,17.04,29.56,44.03,7.8,10.91,30.32,23.09,14.93,27.51,8.58
presvote16post,Voting History,categorical_dist,% Clinton,2016 Presidential vote,29.16,8.07,44.66,26.43,1.98,67.36,6.02,23.94,41.77,44.53,67.81
presvote16post,Voting History,categorical_dist,% Trump,2016 Presidential vote,31.95,61.68,7.04,13.41,77.26,4.6,47.69,38.35,28.85,1.47,0.52
presvote16post,Voting History,categorical_dist,% Johnson,2016 Presidential vote,2.55,2.3,2.98,1.9,2.59,2.79,3.26,2.66,2.27,2.4,2.45
presvote16post,Voting History,categorical_dist,% Stein,2016 Presidential vote,1.2,0.34,1.2,1.74,0.34,1.67,0.58,0.87,0.91,3.47,3.03
presvote16post,Voting History,categorical_dist,% McMullin,2016 Presidential vote,0.47,0.55,0.47,0.33,0.61,0.55,0.43,0.43,0.7,0.39,0.13
presvote16post,Voting History,categorical_dist,% Other,2016 Presidential vote,1.19,1.1,1.3,1.26,1.32,1.18,1.23,1.3,0.95,0.96,1.02
presvote16post,Voting History,categorical_dist,% Did not vote,2016 Presidential vote,33.49,25.96,42.35,54.93,15.9,21.86,40.79,32.45,24.56,46.78,25.03
gunown,Demographics,categorical_dist,% Personally owns,Personal gun ownership,27.39,39.18,18.17,18.83,54.91,17.01,37.32,28.97,22.66,9.79,11.38
gunown,Demographics,categorical_dist,"% HH owns, not me",Personal gun ownership,12.64,12.78,13.26,14.22,8.48,11.63,15.34,13.01,11.45,16.42,8.27
gunown,Demographics,categorical_dist,% No one in HH,Personal gun ownership,59.96,48.05,68.57,66.96,36.61,71.36,47.35,58.03,65.89,73.8,80.35
